,0,1,2,3,4,5,6,7,8,9,10,11,12,13,14,15,16,17,18,19,20,21,22,23,24,25,26,27,28,29,30,31,32,33,34,35,36,37,38,39,40,41,42,43,44,45,46,47,48,49,50,51,52,53,54,55,56,57,58,59,60,61,62,63,64,65,66,67,68,69,70,71,72,73,74,75,76,77,78,79,80,81,82,83,84,85,86,87,88,89,90,91,92,93,94,95,96,97,98,99,100,101,102,103,104,105,106,107,108,109,110,111,112,113,114,115,116
0,155.5,152.42999268,146.94000244,156.28999329,160.94000244,169.47999573,161.69000244,171.55000305,159.25,179.57000732,193.46000671,207.71000671,214.08999634,213.82000732,209.05999756,185.22000122,157.46000671,183.88999939,202.16999817,213.61000061,209.78999329,192.25,210.74000549,227.33999634,231.69999695,205.02000427,194.92999268,195.27000427,207.00999451,208.96000671,211.02000427,206.53999329,200.19999695,200.19999695,199.61000061,205.05000305,189.11000061,181.03999329,170.02000427,167.5,167.0,165.32000732,161.61000061,159.41000366,157.11000061,155.77000427,156.41000366,157.08999634,159.58999634,166.67999268,166.32000732,160.0,158.0,158.0,159.08999634,162.77000427,167.67999268,169.13000488,161.92999268,161.16000366,164.83999634,157.53999329,154.57000732,161.27000427,165.88999939,169.88999939,169.91000366,162.36999512,167.88999939,168.13000488,160.13000488,156.61000061,160.08999634,153.05999756,149.11000061,145.11000061,142.82000732,142.0,141.0,144.63999939,159.72999573,169.5,170.0,161.25,152.72999573,147.72999573,142.22999573,134.63000488,139.17999268,139.33999634,132.13000488,130.58999634,131.77000427,138.57000732,149.19999695,156.44000244,163.38999939,166.08999634,168.80000305,165.13000488,159.30000305,163.88999939,159.49000549,148.25999451,157.22999573,156.25,161.5,159.96000671,163.46000671,171.97999573,181.36999512,184.11000061,181.22999573,178.32000732,174.72999573,170.82000732,172.91000366
1,135.69999695,136.67999268,140.0,146.36999512,152.67999268,149.82000732,152.32000732,157.41000366,152.61999512,173.94999695,179.19000244,203.36999512,204.94999695,192.30000305,189.69000244,166.72000122,176.41000366,195.00999451,210.21000671,221.80000305,218.22999573,207.19999695,198.61999512,223.69000244,245.47000122,215.19999695,197.41000366,201.13999939,221.21000671,226.88000488,216.94999695,208.53999329,200.72999573,194.94999695,189.11000061,187.5,188.80000305,182.42999268,175.17999268,170.08999634,170.5,169.22999573,163.72999573,161.0,158.82000732,157.91000366,158.0,158.17999268,179.30999756,168.36999512,170.0,162.94999695,159.19999695,159.5,159.80000305,163.77000427,167.97999573,171.61000061,168.22999573,165.5,165.22999573,160.41000366,154.72999573,152.97999573,157.38999939,160.96000671,165.53999329,160.11000061,157.30000305,161.30000305,151.44999695,154.72999573,160.38999939,151.13000488,145.82000732,148.5,146.58999634,143.38999939,147.07000732,149.38999939,156.96000671,168.36999512,169.69999695,169.47000122,159.63000488,150.44999695,140.13000488,134.41000366,137.77000427,141.0,138.63000488,132.22999573,129.75,131.96000671,138.30000305,139.41000366,141.67999268,140.47999573,149.72999573,154.25,153.27000427,151.38999939,146.08999634,142.88999939,142.0,141.86999512,147.58999634,149.27000427,157.57000732,164.27000427,171.94000244,182.07000732,181.41000366,179.08999634,177.61000061,174.22999573,166.88000488
2,128.47999573,137.83999634,146.13999939,151.97999573,156.02000427,152.25,139.0,139.88999939,147.46000671,160.02999878,184.58999634,180.22999573,180.82000732,167.67999268,176.08000183,159.94000244,192.38999939,201.80000305,208.94000244,223.94000244,232.47999573,229.86000061,200.30000305,216.71000671,225.97000122,208.25,204.41000366,208.22999573,227.13999939,228.72999573,220.33999634,213.22999573,208.25,199.94999695,190.11000061,188.32000732,184.03999329,180.41000366,178.94999695,173.41000366,172.41000366,170.22999573,164.33999634,160.0,159.58999634,160.30000305,161.58999634,160.88999939,167.0,166.27000427,167.5,165.32000732,162.91000366,162.5,163.67999268,166.08999634,168.97999573,170.19999695,167.82000732,164.82000732,163.0,160.82000732,157.22999573,153.32000732,151.08999634,152.38999939,156.77000427,157.92999268,152.61000061,150.30000305,149.11000061,149.32000732,147.5,147.0,148.27000427,151.38999939,147.17999268,149.16000366,162.55000305,168.44999695,159.91000366,162.77000427,163.11000061,159.69999695,157.25,148.03999329,139.22999573,135.08999634,140.07000732,148.08999634,142.03999329,136.92999268,132.41000366,128.58999634,132.08999634,128.69999695,130.88999939,128.5,131.96000671,139.96000671,142.25,148.86999512,140.25,135.88999939,137.58999634,138.0,142.1000061,148.57000732,154.61999512,165.05000305,174.94000244,183.30000305,180.61000061,178.30000305,179.11000061,176.69999695,174.86999512
3,138.55000305,143.30000305,146.86999512,153.75,161.75,155.33999634,140.80999756,137.05000305,139.97999573,151.41000366,160.13000488,156.88999939,163.94000244,153.47000122,156.6000061,172.38999939,185.08999634,199.8500061,222.08999634,230.52999878,243.05000305,226.1000061,201.33999634,208.07000732,215.94000244,221.17999268,215.57000732,225.61999512,240.72999573,234.16000366,227.13000488,223.11000061,216.86000061,206.44999695,199.83999634,193.22999573,185.94999695,178.11000061,174.72999573,170.19999695,169.5,170.0,166.72999573,161.82000732,163.77000427,165.17999268,169.0,169.58999634,169.41000366,169.38999939,169.61000061,167.19999695,166.5,166.82000732,165.5,165.5,167.33999634,169.03999329,164.19999695,162.41000366,161.19999695,160.19999695,158.02000427,154.32000732,151.82000732,150.11000061,149.30000305,150.11000061,149.0,148.0,147.91000366,147.5,148.30000305,149.5,150.36999512,157.07000732,154.78999329,148.82000732,159.86999512,164.5,163.19999695,161.41000366,157.03999329,152.91000366,151.32000732,145.33999634,138.22999573,137.25,144.96000671,151.17999268,147.25,138.63000488,133.41000366,128.75,129.19999695,126.01999664,125.0,124.30000305,126.68000031,130.75,138.77000427,138.61000061,136.44999695,134.75,140.47999573,138.69999695,140.46000671,148.55000305,156.83999634,169.25,180.46000671,187.52000427,181.22999573,178.91000366,178.38999939,176.82000732,174.5
4,138.27000427,139.27000427,139.96000671,149.36999512,154.32000732,144.47000122,132.36000061,129.30000305,129.5,133.25,138.47999573,138.80000305,146.50999451,153.11999512,176.88999939,195.69000244,210.82000732,218.88999939,220.57000732,241.38999939,245.49000549,213.17999268,206.30000305,210.52999878,222.36999512,229.36999512,231.75,245.97999573,250.03999329,238.44999695,229.33999634,222.52000427,214.67999268,201.25,195.22999573,190.69999695,186.94999695,179.63000488,174.22999573,171.02000427,168.41000366,168.5,167.69999695,166.19999695,168.57000732,169.5,170.17999268,173.0,171.72999573,171.17999268,170.91000366,170.91000366,171.11000061,169.91000366,167.22999573,164.11000061,163.5,162.13000488,160.0,160.0,159.69999695,158.91000366,156.41000366,153.82000732,150.69999695,151.0,150.82000732,149.52000427,148.0,148.67999268,154.36999512,158.66000366,149.19999695,153.13999939,159.5,161.07000732,163.82000732,154.86000061,148.02999878,159.77000427,162.5,160.16000366,149.22999573,147.41000366,144.72999573,139.5,137.17999268,138.17999268,142.46000671,149.57000732,150.42999268,141.94999695,133.53999329,128.22999573,128.57000732,129.80000305,129.52000427,125.11000061,124.18000031,128.57000732,131.61000061,129.69999695,127.68000031,132.52999878,139.52000427,138.17999268,144.25,152.46000671,160.94000244,176.16999817,191.86999512,190.82000732,185.42999268,180.22999573,177.82000732,173.02000427,170.52000427
5,132.11000061,126.23000336,128.41000366,140.86999512,138.94999695,132.86000061,120.98000336,124.98000336,128.86999512,136.96000671,144.46000671,156.61999512,173.97999573,158.80000305,188.57000732,202.21000671,218.75999451,236.47999573,235.33999634,230.33999634,221.25,209.52000427,208.58999634,214.07000732,218.17999268,226.41000366,250.30000305,252.0,246.94999695,237.44999695,227.27000427,217.13000488,211.19999695,203.66000366,192.75,187.32000732,181.92999268,177.33999634,172.0,172.02000427,169.0,169.0,168.91000366,168.19999695,169.58999634,172.80000305,173.58999634,174.0,174.0,173.41000366,173.58999634,173.5,171.91000366,170.0,166.92999268,162.61000061,161.19999695,160.0,159.0,159.0,158.0,157.91000366,156.61000061,153.52000427,149.41000366,149.5,149.38999939,149.61000061,149.30000305,151.63999939,161.75,160.03999329,149.82000732,153.02999878,162.16000366,169.30000305,170.69999695,165.17999268,151.86000061,149.47999573,155.38999939,152.63000488,148.61000061,146.02000427,142.82000732,140.11000061,142.86999512,141.02000427,139.38999939,145.25,150.42999268,140.03999329,132.75,128.5,130.67999268,132.25,130.41000366,127.51999664,123.81999969,123.30000305,124.19999695,123.5,124.68000031,128.17999268,138.66000366,142.57000732,149.27000427,156.05000305,169.6000061,180.52000427,181.22999573,191.41000366,187.53999329,178.72999573,173.53999329,166.72999573,160.11000061
6,118.5,118.23000336,120.20999908,129.57000732,125.81999969,116.51999664,118.16000366,124.16000366,132.52999878,141.72999573,153.05000305,155.22999573,180.66999817,199.30999756,174.05000305,197.55000305,228.1000061,243.07000732,250.55999756,224.36000061,216.92999268,210.96000671,218.17999268,220.5,221.67999268,226.63999939,236.80000305,244.11000061,243.19999695,234.67999268,223.66000366,213.27000427,205.16000366,200.42999268,193.03999329,186.82000732,180.92999268,177.52000427,173.82000732,172.69999695,172.0,172.41000366,171.69999695,169.61000061,169.88999939,173.38999939,175.0,174.0,173.41000366,172.5,171.32000732,170.32000732,168.41000366,165.72999573,160.61000061,160.0,160.0,160.0,159.0,158.19999695,158.08999634,158.0,158.5,158.72999573,153.72999573,151.5,150.61000061,149.0,153.36999512,156.80000305,158.41000366,157.5,157.5,157.46000671,160.55000305,170.88999939,169.61000061,160.53999329,151.63000488,148.0,149.0,153.41000366,150.19999695,147.61000061,145.91000366,147.17999268,153.07000732,149.13000488,143.42999268,144.0,143.22999573,139.19999695,136.82000732,134.67999268,138.0,136.32000732,133.32000732,130.61000061,129.82000732,125.61000061,124.18000031,123.61000061,120.80000305,123.66000366,136.21000671,147.96000671,155.05000305,163.58999634,172.13999939,170.66000366,181.50999451,191.58999634,191.02000427,181.03999329,175.63000488,170.63000488,160.02000427
7,108.58999634,109.41000366,120.83999634,116.11000061,115.5,116.0,122.38999939,129.69999695,140.83999634,150.66000366,160.52999878,176.82000732,174.94999695,178.33999634,191.24000549,184.75,189.96000671,211.61999512,230.53999329,218.75,217.42999268,217.16000366,222.08999634,223.0,222.69999695,221.02000427,225.30000305,239.53999329,236.58999634,232.92999268,226.53999329,219.86000061,207.38000488,197.02000427,190.42999268,188.41000366,185.97999573,189.30999756,176.52000427,174.61000061,172.19999695,172.0,172.0,172.0,172.80000305,176.67999268,178.83999634,173.22999573,169.5,169.0,168.41000366,166.91000366,164.61000061,161.82000732,159.82000732,159.0,159.0,159.0,158.0,158.0,160.08999634,161.5,161.41000366,160.19999695,157.82000732,155.41000366,152.02000427,150.25,158.86999512,160.91000366,162.36999512,164.41000366,163.32000732,159.82000732,161.66000366,169.32000732,162.83999634,158.32000732,154.32000732,150.69999695,150.88999939,153.77000427,152.61000061,150.30000305,148.58999634,154.33999634,160.19999695,152.03999329,146.61000061,145.0,142.63000488,139.19999695,140.97999573,147.38999939,150.91000366,144.03999329,138.11000061,139.5,140.58999634,140.58999634,135.92999268,129.96000671,126.94999695,120.0,132.97999573,151.47999573,158.96000671,170.05000305,169.67999268,160.57000732,171.13999939,177.80000305,184.91000366,188.55999756,178.94999695,167.27000427,157.42999268
8,107.01999664,116.41000366,116.48999786,108.68000031,111.45999908,120.37000275,137.32000732,139.80000305,138.97999573,150.80000305,169.11999512,185.6000061,210.80000305,204.21000671,190.44000244,226.63999939,234.57000732,220.83000183,207.80999756,203.66999817,214.47999573,221.97999573,221.91000366,220.58999634,219.0,217.38999939,227.72999573,231.02000427,226.0,225.02000427,220.5,218.36000061,209.16000366,201.0,197.94999695,188.72999573,185.41000366,184.28999329,179.13000488,179.42999268,174.32000732,172.82000732,172.0,172.0,172.27000427,179.69999695,178.19999695,178.36000061,170.61000061,169.5,167.82000732,165.82000732,163.41000366,160.82000732,158.61000061,156.82000732,157.0,157.80000305,158.08999634,159.38999939,161.0,162.17999268,161.61000061,160.0,158.82000732,156.19999695,152.44999695,152.16000366,159.30000305,163.77000427,168.27000427,170.08999634,169.82000732,167.22999573,164.41000366,164.42999268,160.19999695,158.91000366,156.82000732,154.41000366,154.58999634,157.86999512,157.82000732,156.77000427,156.03999329,159.38999939,161.03999329,152.53999329,147.69999695,150.36999512,149.5,146.58999634,150.38999939,157.46000671,159.03999329,147.80999756,143.21000671,155.32000732,151.57000732,153.82000732,144.78999329,130.47999573,125.69999695,119.30000305,131.13999939,143.32000732,152.33999634,166.00999451,177.3999939,159.27000427,161.08999634,169.44000244,182.07000732,183.72999573,180.83999634,168.77000427,157.03999329
9,115.06999969,114.37999725,105.73000336,106.76999664,115.13999939,127.44000244,137.55000305,147.77000427,151.41000366,158.13999939,176.41000366,194.38999939,220.96000671,226.94000244,193.22999573,213.07000732,226.13000488,210.83999634,192.27000427,199.33999634,202.00999451,215.66000366,218.47999573,214.36000061,210.52000427,207.0,212.80000305,220.82000732,212.25,212.17999268,215.5,213.25,208.52000427,204.72999573,199.03999329,188.63000488,182.53999329,178.38999939,177.91000366,178.30000305,173.5,172.58999634,172.0,172.0,172.08999634,180.5,181.07000732,178.13000488,171.42999268,168.41000366,167.91000366,166.61000061,163.61000061,160.41000366,159.0,158.5,158.0,158.0,159.17999268,160.0,159.69999695,158.91000366,158.5,158.0,157.19999695,156.0,154.82000732,155.25,162.47999573,166.77000427,170.0,170.08999634,171.0,171.02000427,168.11000061,164.91000366,161.22999573,160.0,159.82000732,157.11000061,157.38999939,160.27000427,164.30000305,168.36999512,165.42999268,166.77000427,162.25,157.72999573,154.02000427,159.36999512,163.32000732,157.91000366,161.96000671,165.97999573,161.72999573,148.61000061,159.77000427,164.92999268,153.99000549,149.36999512,139.55999756,125.61000061,119.18000031,121.87000275,128.47999573,134.46000671,143.13999939,155.11999512,166.58999634,158.97000122,156.96000671,167.66000366,171.27000427,171.13000488,173.5,171.72999573,159.27000427
10,100.83999634,109.16000366,103.48000336,108.87000275,119.05000305,130.13999939,147.38999939,160.11000061,151.92999268,166.21000671,180.22999573,200.74000549,209.36000061,196.13999939,210.47000122,209.88999939,208.53999329,198.13000488,180.16000366,180.94000244,193.69000244,209.66999817,227.07000732,222.94999695,215.25,202.05999756,198.86999512,207.77000427,209.91000366,199.36999512,211.67999268,212.32000732,209.02000427,204.22999573,197.86000061,188.02000427,183.22999573,179.19999695,178.0,177.47999573,176.61000061,173.19999695,172.61000061,172.0,172.0,174.67999268,177.88999939,174.83999634,169.91000366,168.30000305,168.80000305,170.0,164.42999268,159.91000366,159.58999634,160.08999634,159.0,157.0,157.5,157.41000366,157.0,157.0,157.08999634,157.69999695,157.0,156.91000366,156.0,156.80000305,158.88999939,161.47999573,166.27000427,169.97999573,172.58999634,174.11000061,170.61000061,168.11000061,165.52000427,162.52000427,159.82000732,160.32000732,160.97999573,167.27000427,173.75,179.88999939,177.0,176.22999573,170.33999634,168.5,167.91000366,168.47999573,173.42999268,172.5,173.19999695,169.77000427,158.88999939,165.05000305,170.27000427,166.99000549,156.63000488,142.05999756,132.16000366,122.55999756,119.0,123.73000336,131.08999634,132.08999634,137.96000671,148.27000427,150.32000732,147.97999573,159.96000671,163.47999573,159.97999573,158.80000305,168.66000366,170.72999573,158.88000488
11,99.5,98.19999695,101.75,108.68000031,118.23000336,140.00999451,158.94000244,157.13000488,141.47999573,164.55000305,187.30000305,196.44000244,169.97000122,171.44000244,192.74000549,221.19999695,200.99000549,188.91000366,179.08000183,181.30000305,199.44000244,233.16999817,248.83999634,240.61000061,226.88000488,213.27000427,198.33999634,201.22999573,205.33999634,201.77000427,201.13999939,209.5,202.86000061,199.11000061,194.72999573,189.22999573,184.72999573,179.69999695,180.0,181.0,178.91000366,175.22999573,171.22999573,165.82000732,170.17999268,172.30000305,173.82000732,172.22999573,169.61000061,171.30000305,171.0,169.32000732,164.33999634,159.41000366,159.38999939,162.30000305,159.41000366,157.61000061,157.0,157.0,157.0,157.30000305,157.88999939,158.5,158.0,157.69999695,157.0,157.0,158.08999634,159.58999634,163.36999512,169.67999268,173.38999939,176.5,175.52000427,170.52000427,170.5,166.02000427,164.58999634,166.08999634,169.08999634,174.96000671,189.07000732,188.57000732,186.82000732,182.11000061,179.41000366,179.32000732,175.69999695,174.97999573,180.57000732,180.11000061,177.33999634,169.13000488,173.80000305,173.33999634,170.41000366,165.44999695,155.08999634,143.83999634,135.86000061,125.86000061,119.26999664,133.71000671,150.86999512,149.16000366,136.91000366,136.77000427,141.36999512,149.36999512,156.86999512,160.30000305,154.47000122,155.16000366,161.77000427,164.91000366,154.99000549
12,94.58999634,96.38999939,99.18000031,101.63999939,112.05000305,125.23000336,142.66999817,145.6000061,142.96000671,168.47999573,193.33999634,169.97000122,149.36999512,158.25,171.11999512,191.44000244,193.78999329,174.42999268,171.55999756,175.82000732,193.74000549,235.63000488,255.66000366,237.61000061,221.75,215.22999573,208.75,193.77000427,188.88999939,189.36999512,192.47999573,202.32000732,198.25,189.5,191.02000427,186.72999573,185.91000366,183.52000427,182.0,181.5,180.11000061,174.11000061,170.52000427,158.82000732,168.16000366,170.19999695,169.88999939,170.61000061,168.38999939,170.91000366,169.02000427,167.0,165.22999573,161.5,160.19999695,161.17999268,162.08999634,160.19999695,160.5,158.0,158.80000305,160.88999939,161.41000366,160.5,160.11000061,158.61000061,159.52000427,156.80000305,157.08999634,159.08999634,163.86999512,169.08999634,173.86999512,178.47999573,180.41000366,176.82000732,173.72999573,168.69999695,171.38999939,175.19999695,177.36999512,188.47999573,189.88999939,186.72999573,180.82000732,177.25,177.86999512,178.91000366,173.19999695,171.66000366,179.17999268,180.5,181.58999634,182.36999512,180.63000488,171.25,167.61000061,163.52000427,158.94999695,139.77000427,130.61000061,125.33999634,119.08999634,129.67999268,134.33999634,150.86999512,152.03999329,152.08999634,152.5,151.19999695,154.30000305,154.32000732,150.22999573,149.58999634,154.57000732,156.03999329,148.72999573
13,91.58999634,92.80000305,94.30000305,96.98000336,102.66000366,112.33999634,118.83999634,120.73000336,133.00999451,157.83999634,159.1499939,146.53999329,145.63999939,150.88999939,159.83999634,171.83999634,173.75,163.33999634,159.44000244,176.71000671,198.83000183,239.41999817,250.92999268,243.94999695,233.38000488,223.13000488,218.58999634,199.41000366,195.27000427,185.69999695,179.96000671,193.86999512,194.83999634,186.08999634,182.02000427,186.57000732,189.91000366,186.32000732,183.02000427,178.52000427,171.42999268,169.58999634,169.08999634,157.91000366,159.91000366,163.83999634,168.38999939,170.11000061,168.11000061,167.19999695,169.88999939,170.91000366,168.92999268,162.19999695,160.19999695,161.47999573,164.30000305,164.58999634,164.32000732,161.69999695,163.08999634,165.30000305,165.5,164.69999695,163.32000732,161.41000366,160.11000061,158.0,157.58999634,159.96000671,168.36999512,173.27000427,179.38999939,180.0,182.88999939,184.83999634,180.11000061,175.66000366,174.25,182.66000366,189.47999573,192.30000305,191.69999695,185.75,177.63000488,170.82000732,168.91000366,170.32000732,168.75,169.57000732,173.08999634,169.83999634,185.11999512,189.5,179.36000061,170.42999268,165.72999573,162.19999695,154.30999756,139.88999939,140.33999634,129.63000488,120.93000031,121.5,125.16000366,145.07000732,152.91000366,150.32000732,151.17999268,154.0,154.13000488,150.07000732,147.55999756,147.44000244,151.97999573,152.02000427,147.22999573
14,89.98000336,90.5,90.5,90.88999939,95.76999664,100.48000336,107.48000336,110.25,123.20999908,137.08999634,133.83999634,129.27000427,143.75999451,155.55000305,162.38999939,171.0,165.27000427,157.69999695,171.6000061,195.69000244,231.41999817,242.33999634,238.83999634,244.67999268,241.22999573,228.91000366,226.19999695,225.63000488,219.77000427,202.78999329,179.44999695,183.46000671,193.5,188.08999634,178.97999573,185.22999573,191.42999268,187.72999573,181.72999573,176.03999329,169.02000427,166.19999695,164.03999329,157.92999268,162.80000305,162.42999268,163.55000305,169.88999939,172.0,171.58999634,172.69999695,172.0,171.91000366,166.63000488,164.5,166.27000427,170.27000427,171.69999695,171.72999573,167.91000366,169.17999268,171.58999634,169.91000366,170.27000427,169.53999329,165.91000366,165.41000366,163.22999573,161.41000366,163.27000427,168.77000427,172.77000427,178.08999634,179.58999634,183.96000671,190.67999268,190.72999573,179.66000366,185.96000671,191.38999939,193.80000305,193.61000061,189.92999268,180.92999268,177.61000061,174.72999573,170.22999573,167.13000488,160.41000366,161.63999939,166.91000366,162.19000244,180.16000366,179.53999329,169.42999268,161.38999939,161.72999573,158.57000732,160.96000671,162.07000732,150.17999268,138.33999634,131.22999573,123.31999969,119.11000061,131.3500061,144.47999573,145.0,148.36999512,152.08999634,151.82000732,145.44999695,139.80000305,150.36999512,152.91000366,152.32000732,150.0
15,87.18000031,88.5,88.30000305,88.80000305,89.68000031,98.98000336,100.13999939,110.38999939,114.56999969,117.58999634,119.66000366,134.77999878,145.03999329,146.63999939,146.19000244,174.8999939,174.8999939,156.66000366,168.86999512,191.69999695,227.30000305,231.75,221.96000671,232.55000305,231.16000366,229.33999634,224.25,224.19999695,213.61000061,198.63000488,183.13000488,174.94000244,187.57000732,183.86000061,170.86999512,180.55000305,187.25,189.41000366,186.53999329,177.72999573,171.42999268,159.61000061,155.83999634,161.16000366,162.66000366,157.41000366,157.08999634,162.22999573,171.58999634,171.91000366,171.0,170.5,170.5,166.22999573,168.27000427,175.97999573,180.47999573,181.32000732,178.92999268,174.69999695,175.97999573,179.08999634,177.19999695,177.0,173.07000732,171.88999939,171.30000305,171.11000061,169.41000366,168.08999634,169.58999634,172.58999634,176.38999939,179.58999634,184.47999573,188.27000427,189.13000488,183.63999939,187.47999573,191.88999939,195.38999939,193.03999329,188.72999573,183.61000061,183.69999695,181.02000427,178.97999573,172.16000366,166.13000488,160.02000427,157.0,157.07000732,161.41000366,168.32000732,168.88000488,152.46000671,159.80000305,149.57000732,163.05000305,166.82000732,163.0,156.11000061,139.42999268,131.16000366,123.73000336,119.52999878,137.0,136.47999573,142.16000366,148.47999573,150.32000732,141.44999695,137.72999573,148.16000366,150.41000366,152.77000427,155.13000488
16,87.83999634,86.08999634,87.0,87.38999939,88.0,89.56999969,99.16000366,106.56999969,107.73000336,108.87000275,120.87000275,138.63000488,127.95999908,132.92999268,146.07000732,167.88999939,168.27000427,149.83999634,172.47999573,184.22999573,208.52999878,227.67999268,218.52000427,209.94000244,223.52000427,204.27000427,199.02999878,198.0,209.22999573,201.86000061,182.30999756,169.08999634,180.36999512,177.38000488,169.25,181.27000427,186.27000427,189.80000305,191.82000732,184.94999695,176.66000366,170.17999268,154.86000061,156.44000244,160.30000305,150.88999939,153.97999573,160.83999634,171.08999634,169.91000366,166.42999268,163.41000366,162.41000366,164.77000427,172.83999634,184.05000305,191.88999939,195.41000366,188.63000488,182.82000732,183.08999634,183.11000061,180.38999939,185.27000427,185.52000427,180.82000732,178.61000061,177.32000732,176.91000366,174.61000061,171.32000732,173.97999573,177.97999573,180.30000305,187.67999268,188.19999695,187.30000305,187.47999573,192.77000427,196.67999268,200.08999634,200.32000732,193.82000732,191.38999939,193.32000732,190.22999573,187.53999329,180.32000732,180.30000305,177.02000427,185.0,168.66999817,163.16000366,152.22999573,154.86999512,150.16000366,150.77000427,147.53999329,149.82000732,157.63999939,157.86999512,160.0,153.03999329,141.30999756,125.83999634,119.83999634,129.88999939,128.27000427,134.83999634,141.08999634,142.80000305,141.91000366,132.69999695,139.25,144.77000427,149.67999268,153.27000427
17,91.93000031,86.0,86.0,86.58999634,87.08999634,88.0,89.08999634,100.30000305,100.31999969,101.25,114.06999969,129.13999939,118.66000366,134.07000732,151.3500061,171.38999939,160.03999329,156.66999817,172.22999573,165.36999512,200.05000305,203.91000366,214.33999634,211.69999695,197.22999573,193.44999695,180.72999573,178.08999634,183.19999695,183.94000244,190.47000122,169.05999756,167.17999268,170.58999634,161.41000366,171.44000244,180.27000427,182.08999634,184.61000061,179.13000488,173.52000427,169.63000488,162.32000732,148.61000061,149.25,148.30000305,150.58999634,154.86999512,161.57000732,166.38999939,160.41000366,157.33999634,157.77000427,162.86999512,171.05000305,181.55000305,191.66000366,200.30000305,199.63000488,192.44999695,189.88999939,188.17999268,188.5,191.77000427,193.61000061,190.32000732,186.22999573,181.5,181.0,181.32000732,178.91000366,179.41000366,178.47999573,181.96000671,188.58999634,190.5,196.63999939,200.58999634,203.41000366,204.58999634,206.67999268,209.03999329,203.5,204.32000732,202.88999939,202.91000366,197.42999268,195.11000061,199.38999939,201.69999695,194.88000488,182.82000732,174.28999329,164.88000488,161.16000366,147.11000061,140.91000366,139.52000427,139.66000366,151.27000427,146.86999512,154.07000732,149.33999634,140.75,124.97000122,118.41000366,120.48000336,122.58999634,125.26999664,129.67999268,135.30000305,131.82000732,128.67999268,133.96000671,141.05000305,149.77000427,150.19999695
18,93.44999695,86.61000061,86.0,86.0,87.0,87.58999634,88.58999634,92.06999969,103.45999908,115.88999939,109.54000092,110.88999939,118.06999969,126.63999939,144.86999512,170.02000427,141.86000061,155.16000366,154.77000427,160.86999512,192.13999939,192.61000061,197.80000305,206.0,202.32000732,199.69999695,194.32000732,189.86000061,173.03999329,167.82000732,172.1000061,178.88000488,160.25,158.67999268,159.72999573,167.96000671,172.67999268,172.41000366,172.0,170.82000732,166.30000305,168.83999634,160.82000732,160.17999268,150.03999329,144.19999695,145.67999268,147.67999268,150.05000305,167.47999573,164.44999695,155.99000549,153.66000366,160.0,162.22999573,170.91000366,177.32000732,189.44000244,198.77000427,200.02000427,194.42999268,186.61000061,191.83999634,199.19999695,199.58999634,197.33999634,192.11000061,186.94999695,180.5,182.5,181.61000061,179.13000488,173.41000366,178.17999268,169.92999268,170.32000732,171.67999268,181.21000671,200.1000061,213.94000244,220.0,220.82000732,218.97999573,224.30000305,224.47999573,222.83999634,223.50999451,214.77000427,202.11000061,190.36000061,181.42999268,173.91000366,167.86000061,159.69999695,150.32000732,150.46000671,148.86000061,138.91000366,133.82000732,134.97999573,139.13999939,152.02000427,141.13000488,134.36000061,125.26999664,118.41000366,117.08999634,118.5,119.26999664,129.17999268,130.19999695,125.91000366,137.25,141.38999939,145.66000366,150.0,147.25
19,109.81999969,95.87999725,85.0,85.5,86.88999939,87.19999695,87.58999634,89.30000305,94.83999634,102.12000275,117.59999847,129.67999268,137.02999878,145.55000305,158.83999634,155.69999695,141.92999268,139.08999634,140.25,153.61999512,176.75999451,180.03999329,190.82000732,194.36000061,193.27000427,194.61000061,190.52000427,183.58999634,182.13000488,171.49000549,157.88999939,177.77000427,168.88000488,158.22999573,158.57000732,160.77000427,163.86999512,164.03999329,163.41000366,162.11000061,159.17999268,162.97999573,167.17999268,170.02000427,161.91000366,155.49000549,143.02000427,149.67999268,151.38999939,157.07000732,160.5,158.77000427,149.19999695,149.67999268,155.55000305,160.66000366,168.96000671,176.25,185.07000732,191.46000671,199.16000366,185.61000061,187.71000671,200.0,197.11000061,194.91000366,195.38999939,184.08999634,172.02000427,182.17999268,181.19999695,175.94999695,169.02000427,170.30000305,162.44999695,159.5,162.77000427,170.66000366,180.72999573,195.00999451,208.11999512,221.36999512,229.16000366,237.97999573,241.61000061,235.88000488,213.58999634,199.16000366,189.22999573,184.67999268,173.25,172.67999268,163.58999634,154.75,156.66000366,158.5,155.75,150.22999573,137.94999695,129.72999573,131.02999878,141.41000366,132.44999695,128.32000732,124.23000336,120.41000366,118.91000366,116.81999969,116.88999939,120.30000305,121.30000305,125.31999969,136.22999573,143.08999634,145.38999939,148.67999268,143.03999329
20,104.76999664,102.51999664,93.16000366,85.0,86.0,86.18000031,87.0,88.08999634,91.51000214,103.51999664,106.80000305,120.55000305,135.50999451,149.83999634,157.03999329,143.17999268,138.88999939,136.63000488,137.07000732,143.00999451,164.91000366,167.86999512,178.96000671,180.77000427,175.16000366,179.22999573,182.75,173.77000427,179.82000732,164.69999695,153.82000732,171.96000671,170.22999573,160.55999756,149.58999634,151.63999939,155.0,155.30000305,156.30000305,155.61000061,156.27000427,159.38999939,167.33999634,173.52000427,162.47000122,155.05999756,143.78999329,143.21000671,147.72999573,146.47999573,151.44000244,159.25,148.63000488,146.38999939,149.27000427,157.47999573,164.07000732,165.63000488,166.17999268,171.67999268,172.63000488,168.58999634,178.1000061,191.41000366,185.88000488,186.16000366,188.41000366,181.83999634,168.83999634,170.27000427,175.22999573,168.91000366,163.38000488,160.5,159.02000427,156.5,158.58999634,163.46000671,172.13999939,183.72999573,195.52999878,207.05000305,217.08999634,221.55000305,227.88999939,224.13000488,216.67999268,214.11000061,208.77000427,191.27000427,187.42999268,182.0,169.66000366,165.97999573,163.13000488,159.91000366,158.52000427,151.42999268,147.38000488,132.55999756,126.41000366,125.91000366,125.0,123.69999695,121.91000366,120.0,119.5,117.01999664,116.0,119.38999939,120.68000031,125.76999664,132.05000305,138.77000427,141.38999939,143.0,142.22999573
21,98.5,100.18000031,97.66000366,86.23000336,85.0,86.0,87.08999634,88.58999634,97.27999878,118.23000336,128.86999512,133.63999939,141.77000427,145.88999939,146.75,138.16000366,132.67999268,131.42999268,129.83999634,143.91000366,153.22999573,159.47999573,161.57000732,162.67999268,165.63000488,163.83999634,171.92999268,168.77000427,175.53999329,163.22000122,147.97999573,164.83999634,164.05999756,149.83999634,149.91000366,147.58999634,149.19999695,148.69999695,150.77000427,150.58999634,148.11000061,148.77000427,159.30000305,163.63999939,161.75,154.67999268,144.38000488,138.08999634,141.08999634,140.36999512,149.19000244,160.36000061,146.99000549,144.25,155.25,159.02000427,160.36999512,160.16000366,156.77000427,159.03999329,158.32000732,161.61999512,174.63999939,177.02999878,181.02000427,176.97999573,179.82000732,173.75,166.49000549,159.75,166.03999329,159.0,162.63000488,158.22999573,153.33999634,153.88999939,157.58999634,160.77000427,167.66000366,177.05000305,190.47999573,198.27000427,205.94000244,211.80000305,215.69999695,209.83999634,204.28999329,207.75,209.91000366,205.83999634,199.44999695,187.53999329,174.92999268,171.80000305,168.42999268,164.22999573,161.32000732,157.53999329,151.19999695,137.02000427,127.61000061,125.19999695,122.81999969,120.19999695,119.91000366,116.91000366,116.0,116.0,117.88999939,120.38999939,122.58999634,126.56999969,131.67999268,135.97999573,138.5,139.88999939,141.5
22,97.19999695,96.5,96.94999695,90.01999664,85.0,85.38999939,87.0,87.87000275,101.45999908,114.59999847,128.66000366,131.08999634,133.72999573,131.30000305,131.61000061,128.53999329,129.77000427,130.11000061,128.57000732,140.5,142.33999634,151.47999573,153.19999695,152.82000732,152.67999268,155.57000732,160.32000732,165.69000244,172.61000061,164.58999634,149.22999573,150.77000427,158.36000061,145.53999329,147.32000732,147.96000671,150.08999634,150.91000366,150.0,148.13000488,142.11000061,144.27000427,148.67999268,158.16000366,159.72999573,154.32000732,151.0,143.44999695,136.30000305,141.27000427,149.07000732,150.63000488,140.42999268,140.08999634,146.67999268,148.67999268,158.63000488,152.86000061,149.08999634,148.36999512,155.16000366,160.67999268,165.41000366,164.38999939,169.27000427,169.82000732,167.13000488,162.82000732,158.63000488,155.61000061,155.02000427,153.07000732,161.32000732,162.38000488,149.61000061,150.08999634,153.07000732,158.27000427,163.25,176.41000366,182.22999573,194.63999939,202.08999634,203.67999268,207.08999634,200.53999329,192.52000427,195.77000427,198.17999268,197.72999573,190.61000061,181.22999573,179.67999268,176.36000061,162.77000427,159.80000305,161.32000732,155.36000061,144.86000061,136.38000488,129.80000305,129.25,127.93000031,126.47000122,117.62999725,115.18000031,119.5,118.19999695,119.18000031,122.80000305,122.80000305,124.06999969,130.17999268,130.5,132.05000305,139.38999939,138.82000732
23,94.62999725,89.68000031,91.11000061,89.91000366,85.61000061,84.0,86.18000031,89.48000336,93.75,101.59999847,121.05000305,124.19999695,120.31999969,120.66000366,124.81999969,121.62999725,121.88999939,123.56999969,127.68000031,132.27000427,136.46000671,145.25,147.22999573,144.61000061,144.47999573,149.17999268,152.55000305,162.33999634,164.67999268,161.94999695,148.27000427,139.27000427,141.25,138.41000366,143.66000366,147.88999939,152.27000427,152.92999268,149.58999634,143.53999329,139.0,140.08999634,144.86999512,151.27000427,149.08999634,150.5,151.96000671,151.72999573,138.13000488,134.58999634,138.66000366,142.33999634,137.41000366,140.0,141.47999573,144.27000427,146.69999695,145.5,146.38999939,149.36999512,165.11999512,158.13000488,155.5,155.58999634,157.47999573,168.11999512,164.61000061,160.02000427,153.42999268,150.11000061,146.11000061,147.88999939,153.05000305,155.67999268,148.47999573,151.17999268,155.27000427,159.80000305,165.55000305,170.05000305,180.63999939,189.86999512,195.58999634,196.47999573,199.88999939,196.08999634,185.03999329,183.97999573,188.88999939,192.19999695,189.22999573,183.22999573,177.83999634,172.11000061,163.38000488,154.92999268,151.19999695,148.33999634,139.94999695,134.77000427,146.32000732,144.83999634,134.17999268,122.75,116.23000336,115.38999939,120.18000031,121.80000305,121.31999969,119.0,118.80000305,119.30000305,121.56999969,126.08999634,128.97999573,132.27000427,134.61000061
24,91.31999969,89.30000305,88.08999634,88.19999695,85.81999969,84.0,84.18000031,87.87000275,100.25,106.66000366,112.68000031,116.61000061,115.18000031,119.68000031,127.13999939,124.58999634,118.48000336,127.06999969,130.61000061,129.72999573,129.97999573,136.36999512,141.0,139.11000061,139.17999268,143.27000427,147.77000427,152.80000305,154.30000305,159.28999329,142.25,134.69999695,136.47999573,142.33999634,159.41000366,160.02000427,159.30000305,156.94999695,147.83999634,139.41000366,137.19999695,137.5,139.30000305,142.32000732,142.07000732,147.27000427,150.30000305,151.11000061,146.53999329,141.02000427,133.22999573,135.32000732,134.5,135.5,135.80000305,136.77000427,139.08999634,140.11000061,147.22999573,157.66000366,162.61000061,154.49000549,147.67999268,148.61000061,146.47999573,152.71000671,162.47999573,162.72999573,155.27000427,146.83999634,151.22999573,145.0,146.58999634,145.17999268,149.88999939,155.27000427,158.5,161.66000366,168.47999573,173.52999878,183.96000671,190.17999268,190.72999573,189.58999634,194.27000427,191.63000488,181.03999329,178.08999634,181.47999573,186.46000671,187.66000366,179.19999695,170.13000488,166.91000366,161.33999634,156.27000427,146.72999573,140.63000488,139.5,146.88999939,153.03999329,141.67999268,129.53999329,122.12999725,117.01999664,115.0,115.5,116.5,117.0,117.0,117.0,118.0,119.18000031,122.76999664,127.87000275,137.96000671,140.82000732
25,90.91000366,89.81999969,89.25,87.41000366,86.61000061,84.81999969,84.0,89.33999634,100.18000031,102.45999908,109.18000031,112.30000305,109.80000305,117.66000366,120.76999664,118.33999634,119.76999664,128.66000366,137.66000366,130.33999634,129.86999512,138.88999939,141.41000366,138.03999329,138.67999268,140.91000366,145.25,149.36000061,141.25,144.36000061,133.63000488,138.91000366,152.38999939,160.07000732,164.08999634,161.22999573,158.07000732,159.92999268,148.25,140.33999634,136.0,134.69999695,135.08999634,136.5,137.88999939,142.27000427,148.27000427,150.0,147.22999573,142.72999573,136.94999695,129.58999634,131.17999268,137.46000671,141.57000732,141.02000427,134.80000305,137.36999512,151.05000305,161.08999634,161.13000488,149.32000732,143.32000732,140.32000732,141.05000305,149.77000427,148.0,150.82000732,148.58999634,144.0,142.61000061,143.27000427,145.30000305,146.77000427,151.86999512,159.36999512,162.88999939,168.16000366,171.0,175.96000671,182.96000671,190.08999634,187.72999573,185.13000488,190.07000732,187.63000488,188.8999939,176.22999573,174.33999634,181.86999512,184.94999695,182.32000732,173.47000122,160.83999634,161.0,161.30000305,161.61000061,161.16000366,158.83000183,150.57000732,151.41000366,141.58999634,127.73000336,121.93000031,117.81999969,115.91000366,114.0,114.0,114.80000305,115.0,115.30000305,116.80000305,118.88999939,124.45999908,130.27000427,136.17999268,136.42999268
26,89.91000366,87.61000061,88.37000275,88.61000061,87.11000061,85.0,84.0,86.41000366,92.05000305,99.44000244,111.80000305,107.36000061,106.68000031,110.06999969,113.51999664,110.62999725,112.94000244,128.96000671,129.69999695,128.08999634,130.46000671,139.0,139.47999573,133.27000427,137.22999573,139.91000366,145.00999451,145.05999756,133.42999268,129.32000732,132.02999878,141.44000244,151.36999512,154.63000488,152.42999268,146.08999634,148.07000732,150.0,144.53999329,139.22999573,135.61000061,132.82000732,131.08999634,132.88999939,135.97999573,139.47999573,144.27000427,147.32000732,142.69999695,140.61000061,140.19999695,129.94999695,128.08999634,136.22999573,141.47999573,139.42999268,133.80000305,136.66000366,147.05000305,151.55000305,151.75,144.13000488,138.67999268,138.0,140.17999268,143.69999695,140.17999268,141.82000732,141.5,140.61000061,139.0,142.86999512,149.47999573,152.58999634,156.36999512,158.5,158.88999939,163.66000366,172.32000732,180.30000305,181.5,184.58999634,183.5,181.61000061,178.91000366,175.57000732,181.52000427,173.16000366,169.36999512,179.55000305,183.11000061,181.83999634,169.05999756,158.16000366,155.88999939,158.0,156.61000061,154.33999634,159.58999634,154.44999695,145.36000061,139.02000427,132.72999573,129.02000427,122.23000336,118.31999969,115.91000366,115.0,114.19999695,113.81999969,113.58999634,114.88999939,117.58999634,125.20999908,133.77000427,140.38999939,135.97000122
27,88.0,87.0,90.0,88.41000366,86.19999695,84.81999969,84.0,84.37000275,94.05000305,101.26999664,104.75,99.80000305,101.76999664,106.37000275,108.19999695,108.08999634,120.31999969,128.80000305,124.25,119.58999634,123.37000275,127.0,128.58999634,128.69999695,129.67999268,140.67999268,141.30000305,135.66000366,126.30000305,140.22999573,143.80000305,147.96000671,147.58999634,144.52000427,139.19999695,139.80000305,142.08999634,144.41000366,141.82000732,138.22999573,134.52000427,131.02000427,128.5,129.88999939,133.77000427,137.67999268,140.47999573,141.41000366,138.82000732,138.69999695,129.08999634,129.32000732,127.80000305,130.86999512,138.08999634,135.52000427,132.11000061,133.27000427,139.97999573,146.66000366,148.66000366,139.32000732,136.41000366,134.57000732,138.38999939,139.82000732,138.0,137.69999695,137.5,138.69999695,139.17999268,146.66000366,153.27000427,159.17999268,161.17999268,161.69999695,160.58999634,167.86999512,179.57000732,183.0,181.11000061,179.0,180.08999634,180.5,177.17999268,168.30000305,169.91000366,170.32000732,166.16000366,175.61999512,184.17999268,184.61000061,175.3999939,159.44999695,151.42999268,149.11000061,146.91000366,143.67999268,149.66000366,152.19999695,150.11000061,144.13000488,137.63000488,131.91000366,131.19999695,130.82000732,124.05999756,118.41000366,118.41000366,115.73000336,113.0,113.08999634,115.18000031,118.98000336,125.66000366,131.88999939,129.72999573
28,88.0,87.30000305,87.91000366,86.81999969,85.0,84.0,83.19999695,83.37000275,89.88999939,95.68000031,97.80000305,100.58999634,100.5,102.25,110.52999878,122.26999664,129.47999573,131.02000427,120.16000366,116.76999664,119.0,119.31999969,120.58999634,125.76999664,130.96000671,136.52000427,130.42999268,124.01999664,125.76999664,139.02999878,140.0,143.08999634,136.61000061,139.91000366,133.66000366,136.47999573,139.80000305,141.80000305,141.22999573,137.22999573,133.22999573,130.0,129.82000732,128.08999634,131.77000427,136.17999268,140.0,137.75,131.63000488,128.41000366,127.19999695,127.0,128.0,129.77000427,133.88999939,133.11000061,129.82000732,129.5,132.77000427,138.77000427,139.91000366,138.33999634,133.32000732,132.57000732,135.58999634,137.08999634,136.80000305,136.5,137.0,138.17999268,142.05000305,150.57000732,156.77000427,162.17999268,164.0,166.30000305,169.17999268,170.86999512,176.86999512,181.5,181.19999695,179.13000488,171.38999939,172.02000427,169.58999634,164.91000366,162.5,162.92999268,161.05000305,170.75,179.88999939,179.33999634,173.44999695,161.03999329,153.61000061,155.83999634,160.53999329,146.88000488,144.05000305,151.08999634,151.61000061,147.03999329,137.77000427,129.41000366,127.61000061,127.08999634,130.27000427,125.25,122.93000031,118.41000366,115.11000061,113.0,113.11000061,115.26999664,119.08999634,123.26999664,122.43000031
29,88.19999695,87.41000366,86.81999969,85.61000061,84.19999695,83.19999695,83.0,83.56999969,88.37000275,90.0,92.26999664,96.26999664,97.80000305,100.44000244,117.02999878,126.05000305,130.58999634,121.97000122,114.23000336,112.58999634,115.76999664,119.98000336,123.68000031,129.38999939,128.53999329,124.0,121.73000336,120.95999908,128.08999634,129.67999268,138.77000427,135.27000427,128.5,129.5,130.47999573,133.97999573,137.17999268,140.77000427,140.41000366,137.02000427,133.82000732,130.82000732,128.0,126.37000275,130.58999634,132.67999268,135.5,130.42999268,129.30000305,126.81999969,124.19999695,125.5,126.18000031,129.58999634,133.0,132.11000061,129.41000366,127.91000366,128.38999939,130.58999634,132.19999695,131.02000427,129.5,130.0,133.16000366,138.91000366,135.41000366,135.5,137.08999634,139.77000427,147.75,152.77000427,156.88999939,156.47999573,163.83999634,169.80000305,171.67999268,169.22999573,167.57000732,169.88999939,176.77000427,178.94999695,170.32000732,166.32000732,162.72999573,159.32000732,157.5,157.41000366,158.67999268,162.33999634,170.97999573,166.53999329,167.96000671,164.38000488,151.75,149.5,147.42999268,140.52000427,139.69999695,144.75,149.32000732,142.63000488,135.44999695,129.66000366,126.08999634,125.0,124.30000305,127.66000366,130.52000427,123.83999634,117.73000336,114.61000061,112.91000366,112.08999634,114.08999634,115.30000305,116.61000061
30,89.61000061,87.41000366,86.91000366,84.91000366,83.61000061,83.0,83.0,83.76999664,88.76999664,91.48000336,96.37000275,100.0,99.31999969,100.26999664,107.68000031,119.83999634,125.87000275,121.36000061,108.61000061,109.19999695,113.16000366,127.44000244,130.30000305,132.22999573,121.44999695,116.0,118.83999634,130.22999573,141.88999939,141.19999695,141.05999756,128.69999695,130.0,130.67999268,132.5,134.38999939,139.80000305,141.80000305,140.11000061,136.82000732,134.91000366,132.82000732,130.22999573,125.69999695,126.98000336,129.17999268,129.82000732,126.91000366,125.5,123.81999969,122.0,123.0,123.68000031,127.87000275,130.30000305,130.30000305,127.81999969,126.19999695,128.27000427,131.61000061,128.82000732,127.5,127.30000305,129.30000305,130.80000305,130.52000427,131.67999268,133.88999939,136.67999268,139.97999573,146.07000732,149.71000671,157.17999268,161.96000671,169.97999573,172.0,171.0,166.92999268,160.11000061,159.38999939,164.96000671,171.0,170.41000366,165.75,159.72999573,156.0,154.41000366,152.69999695,152.88999939,154.38999939,157.0,158.30000305,162.32000732,171.61000061,160.77000427,148.92999268,143.82000732,139.32000732,137.32000732,138.77000427,141.91000366,139.52000427,133.22999573,126.0,137.77000427,129.63000488,125.91000366,123.30000305,126.73000336,131.41000366,118.81999969,116.61000061,115.11000061,113.83999634,112.76999664,118.76999664,121.30000305
31,90.01999664,87.81999969,85.81999969,84.0,83.0,83.0,83.0,84.98000336,89.68000031,92.30000305,95.18000031,99.5,99.31999969,99.18000031,103.37000275,110.18000031,110.37000275,112.51999664,110.19999695,107.91000366,110.06999969,116.87000275,123.38999939,122.08999634,113.33999634,117.05000305,129.46000671,137.67999268,140.27000427,136.58999634,128.22999573,127.58999634,129.17999268,132.67999268,134.32000732,128.86000061,130.25,135.72999573,133.11000061,133.38999939,136.17999268,138.88999939,138.77000427,127.31999969,123.93000031,123.08999634,123.5,123.11000061,122.41000366,121.19999695,120.0,120.58999634,120.56999969,123.68000031,126.58999634,126.5,124.31999969,124.5,125.5,128.41000366,126.5,125.5,125.5,126.38999939,127.58999634,128.58999634,130.17999268,132.77000427,135.77000427,138.77000427,143.57000732,151.22999573,163.96000671,170.5,172.30000305,173.0,171.41000366,166.63000488,159.82000732,157.0,158.38999939,162.57000732,166.41000366,161.72999573,158.0,160.38999939,161.42999268,150.41000366,149.69999695,149.0,149.91000366,152.66000366,163.07000732,170.17999268,170.86000061,156.27000427,145.33999634,139.22999573,136.61000061,134.38999939,136.0,133.52000427,129.11000061,128.57000732,140.67999268,138.72999573,138.47000122,127.12999725,123.0,121.08999634,119.19999695,119.08999634,115.81999969,113.31999969,112.76999664,119.76999664,122.58999634
32,90.23000336,87.11000061,84.91000366,83.19999695,82.0,83.0,83.0,85.18000031,88.18000031,90.30000305,90.88999939,93.08999634,93.88999939,97.37000275,99.08999634,102.08999634,104.68000031,107.88999939,110.0,105.91000366,107.68000031,111.37000275,117.76999664,111.76999664,111.95999908,120.95999908,128.77000427,131.41000366,125.23000336,120.93000031,120.44000244,135.63999939,134.83999634,131.88999939,132.5,128.80999756,115.58999634,116.88999939,118.48000336,129.05000305,137.46000671,141.97999573,139.61000061,132.22999573,127.93000031,120.23000336,119.0,119.69999695,119.81999969,120.0,120.0,118.80000305,120.0,120.38999939,122.5,120.80000305,120.41000366,120.5,122.08999634,123.30000305,123.0,123.38999939,123.69999695,125.18000031,126.0,127.48000336,130.38999939,133.17999268,137.47999573,141.47999573,146.36999512,154.05000305,162.02999878,169.80000305,172.0,173.32000732,168.82000732,167.69999695,164.72999573,159.72999573,155.97999573,159.77000427,163.67999268,164.5,164.36999512,168.08999634,170.0,158.92999268,155.52000427,149.69999695,148.58999634,150.08999634,154.25,159.67999268,164.91000366,163.41000366,153.49000549,141.83999634,137.11000061,134.02000427,129.0,129.0,128.08999634,128.83999634,141.57000732,144.58999634,145.0,143.82000732,129.55999756,124.61000061,123.56999969,129.83999634,117.81999969,113.31999969,112.18000031,117.95999908,119.5
33,89.23000336,85.81999969,83.61000061,82.0,82.0,82.18000031,83.58999634,85.18000031,87.08999634,89.08999634,89.0,90.0,90.0,93.68000031,97.08999634,99.0,100.88999939,103.5,105.11000061,103.0,104.08999634,106.68000031,108.0,107.38999939,110.0,114.06999969,116.76999664,117.5,117.91000366,121.55000305,128.30000305,132.13999939,129.75,120.81999969,121.30000305,119.69999695,109.26999664,111.48000336,116.56999969,124.81999969,132.13999939,130.67999268,130.08999634,135.13999939,133.13000488,128.58999634,125.51999664,119.93000031,117.81999969,119.18000031,120.0,118.81999969,119.0,120.18000031,122.0,120.0,118.19999695,118.80000305,120.0,119.80000305,121.08999634,123.0,124.88999939,127.38999939,129.5,128.0,128.67999268,132.07000732,137.77000427,142.77000427,148.36999512,158.72999573,170.58999634,170.67999268,173.69999695,171.42999268,169.67999268,173.38999939,174.63000488,165.58999634,154.08999634,160.88999939,164.57000732,169.80000305,171.0,171.11000061,168.92999268,164.22999573,159.82000732,151.83999634,147.41000366,147.38999939,148.58999634,152.94000244,161.58999634,161.5,159.33999634,150.25,141.82000732,139.02000427,134.41000366,132.32000732,134.08999634,129.52000427,135.71000671,144.77000427,143.66000366,139.0,131.52000427,130.91000366,122.86000061,118.88999939,119.88999939,115.43000031,111.38999939,113.38999939,114.41000366
34,88.01999664,84.81999969,83.0,82.0,82.0,82.38999939,83.38999939,85.0,86.58999634,88.08999634,89.0,90.0,90.08999634,93.18000031,96.08999634,97.58999634,99.18000031,101.18000031,100.51999664,100.0,100.98000336,103.5,104.37000275,108.5,109.0,109.38999939,116.37000275,122.81999969,130.46000671,134.5,134.69999695,133.91000366,125.61000061,109.81999969,108.48000336,108.51999664,107.18000031,109.38999939,113.26999664,118.26999664,121.58999634,121.38999939,126.45999908,136.32000732,139.33999634,133.58999634,139.88999939,129.27000427,119.73000336,116.91000366,116.58999634,116.5,117.88999939,120.0,121.0,119.91000366,117.19999695,120.41000366,119.5,119.91000366,120.98000336,123.98000336,127.38999939,130.0,131.0,130.11000061,128.0,131.77000427,136.77000427,141.77000427,146.86999512,156.02999878,170.17999268,172.0,174.88999939,177.41000366,178.82000732,178.97999573,182.42999268,171.66000366,160.42999268,154.08999634,160.36999512,169.97999573,171.91000366,168.66000366,162.5,163.0,161.91000366,158.44999695,151.32000732,147.0,148.38999939,152.07000732,156.19999695,157.58999634,158.67999268,160.08999634,152.83999634,150.19999695,149.27000427,149.02000427,145.05999756,133.05999756,131.61999512,145.55000305,150.41000366,145.47000122,137.86000061,132.07000732,134.52000427,131.33999634,132.80000305,117.44999695,111.38999939,112.30000305,112.0
35,86.41000366,84.41000366,82.81999969,82.0,82.0,82.18000031,83.08999634,84.38999939,86.08999634,87.38999939,88.58999634,90.0,91.18000031,93.0,94.38999939,96.38999939,98.48000336,100.08999634,97.19999695,99.80000305,101.38999939,103.98000336,108.87000275,114.63999939,121.80000305,125.05000305,133.17999268,135.30000305,133.63000488,132.30000305,132.5,127.76999664,119.43000031,108.41000366,105.5,105.38999939,108.38999939,111.88999939,111.01999664,112.88999939,115.88999939,117.80000305,122.52999878,137.83999634,140.19999695,137.02000427,132.91000366,130.19999695,125.73000336,122.41000366,120.51999664,115.81999969,115.08999634,116.68000031,118.5,116.41000366,120.0,122.0,122.0,122.0,122.0,124.58999634,127.98000336,130.08999634,132.30000305,133.5,131.30000305,134.58999634,137.38999939,140.67999268,144.97999573,150.36999512,160.46000671,168.36999512,176.46000671,184.16000366,189.19999695,189.0,189.41000366,183.53999329,174.97000122,165.77000427,151.66000366,155.96000671,170.17999268,165.08999634,152.5,161.97999573,165.61000061,162.03999329,150.13000488,146.41000366,146.17999268,150.30000305,150.0,158.46000671,160.69999695,157.83999634,151.5,151.5,152.0,152.08999634,148.44999695,138.17999268,131.72999573,149.47999573,150.0,148.72999573,145.32000732,143.32000732,140.82000732,139.38999939,127.83000183,115.62999725,111.41000366,112.0,111.88999939
36,85.41000366,83.41000366,82.41000366,82.0,82.0,82.0,83.0,84.0,85.18000031,86.58999634,88.0,89.30000305,90.0,91.30000305,92.88999939,94.38999939,95.58999634,96.5,96.18000031,100.58999634,102.0,103.98000336,108.26999664,112.66000366,120.45999908,128.77000427,131.97999573,134.32000732,130.63000488,128.77000427,127.05999756,118.31999969,114.23000336,108.23000336,103.5,105.18000031,109.48000336,112.91000366,108.81999969,108.68000031,109.76999664,116.87000275,127.23000336,138.96000671,147.92999268,140.25,129.82000732,127.73000336,122.81999969,120.31999969,118.91000366,116.01999664,113.41000366,114.0,114.69999695,115.18000031,117.30000305,118.0,118.30000305,119.0,120.76999664,123.98000336,127.76999664,130.67999268,134.77000427,139.5,138.92999268,137.30000305,138.0,139.17999268,145.77000427,149.38999939,151.46000671,159.46000671,172.02999878,186.21000671,192.80000305,194.41000366,190.19999695,183.33999634,175.63000488,170.72999573,162.72999573,147.47999573,164.16000366,163.41000366,153.3999939,156.80000305,165.58999634,165.02000427,157.58999634,147.41000366,146.0,147.63000488,147.86999512,154.46000671,161.0,157.92999268,147.91000366,147.08999634,148.47999573,151.19999695,146.25,138.03999329,132.47999573,140.66000366,145.88999939,144.41000366,143.58999634,144.0,143.41000366,137.16000366,122.97000122,114.43000031,111.19999695,110.81999969,111.38999939
37,84.61000061,83.0,82.19999695,82.0,82.0,82.0,83.0,84.0,85.0,86.08999634,87.18000031,88.18000031,89.08999634,90.18000031,91.80000305,93.08999634,94.08999634,94.80000305,99.58999634,101.0,100.61000061,101.48000336,105.76999664,110.87000275,118.98000336,124.18000031,124.76999664,126.33999634,121.02999878,132.58999634,130.36000061,118.04000092,112.23000336,106.93000031,102.0,105.76999664,110.48000336,109.61000061,107.19999695,107.76999664,112.76999664,119.37000275,128.05000305,141.36999512,152.80000305,147.67999268,135.55999756,125.83999634,120.19999695,118.19999695,116.61000061,114.91000366,113.41000366,112.80000305,115.56999969,118.80000305,123.08999634,120.11000061,117.19999695,118.68000031,121.0,122.58999634,125.68000031,129.67999268,136.05000305,142.27000427,143.22999573,138.61000061,139.47999573,145.86999512,151.07000732,156.08999634,156.41000366,155.0,158.96000671,171.13999939,180.33999634,191.47999573,193.92999268,193.33999634,178.86000061,170.72999573,162.92999268,152.28999329,146.0,147.08999634,148.13000488,147.41000366,158.69999695,161.13000488,151.25,141.92999268,139.86999512,142.88999939,145.67999268,149.30000305,150.77000427,151.42999268,148.32000732,144.82000732,142.5,143.0,140.11000061,136.72999573,134.0,137.36999512,141.08999634,141.02000427,138.77000427,141.72999573,138.94999695,127.12999725,120.33999634,112.12999725,110.0,110.0,110.0
38,83.0,82.41000366,82.0,81.0,81.0,82.08999634,82.5,83.30000305,84.38999939,85.58999634,86.80000305,88.0,89.58999634,90.58999634,91.18000031,92.18000031,93.38999939,95.18000031,99.18000031,100.0,99.41000366,99.30000305,103.26999664,110.30000305,115.87000275,121.18000031,119.01999664,115.68000031,124.31999969,131.41000366,126.47000122,116.62999725,109.91000366,107.23000336,101.31999969,102.66000366,109.51999664,106.41000366,105.80000305,107.58999634,112.55000305,119.56999969,124.45999908,135.80000305,140.30000305,141.52000427,134.44999695,125.44999695,119.11000061,117.0,115.0,114.0,112.81999969,112.87000275,119.80000305,128.55000305,133.13000488,126.79000092,118.23000336,117.68000031,120.58999634,121.0,123.38999939,127.68000031,131.05000305,138.38999939,141.67999268,139.30000305,145.75,153.75,160.57000732,167.66000366,172.0,167.82000732,162.02000427,161.72999573,170.96000671,179.44000244,192.08999634,190.53999329,178.44999695,169.82000732,165.22999573,162.38999939,160.88999939,155.83999634,147.42999268,139.83999634,146.32000732,141.52000427,137.11000061,138.38999939,139.80000305,140.0,141.77000427,145.77000427,149.67999268,152.38999939,157.22999573,154.97000122,144.83999634,140.41000366,139.30000305,138.08999634,138.47999573,140.86999512,142.02000427,135.44999695,141.17999268,142.02000427,130.42999268,119.93000031,115.12999725,109.81999969,109.0,109.0,109.0
39,83.0,82.0,82.0,81.0,80.58999634,81.48000336,82.0,83.0,84.0,85.0,86.0,87.30000305,89.0,89.58999634,90.18000031,91.38999939,92.80000305,94.38999939,96.38999939,99.0,98.08999634,98.18000031,99.58999634,105.06999969,110.98000336,118.06999969,117.22000122,109.25,121.06999969,121.41000366,118.04000092,113.98000336,120.26999664,118.12999725,106.08999634,100.08999634,102.80000305,103.0,105.26999664,109.58999634,112.98000336,118.68000031,119.95999908,131.22999573,132.28999329,128.38999939,128.11000061,124.01999664,120.41000366,118.19999695,116.19999695,115.0,113.61000061,112.0,114.37000275,119.76999664,121.80000305,119.31999969,117.0,118.38999939,119.5,120.0,120.08999634,124.26999664,129.27000427,134.86999512,140.58999634,142.36999512,149.96000671,160.46000671,168.46000671,179.22999573,190.86999512,187.69999695,180.42999268,173.11000061,170.08999634,176.97999573,182.57000732,181.63000488,173.25,166.92999268,160.22999573,157.36000061,151.5,148.52000427,141.82000732,135.75,140.69999695,135.63000488,138.0,139.08999634,147.11000061,139.69999695,141.07000732,144.38999939,150.80000305,151.80000305,152.11000061,148.61000061,146.91000366,145.5,148.77000427,150.11000061,144.02000427,140.69999695,138.38000488,130.27000427,140.08999634,139.5,132.53999329,123.16000366,113.62999725,109.11000061,108.0,108.0,108.58999634
40,83.81999969,81.91000366,81.5,80.81999969,80.0,80.18000031,83.0,82.0,83.08999634,84.08999634,85.08999634,86.80000305,88.58999634,89.0,90.0,90.80000305,91.08999634,93.0,94.58999634,96.08999634,97.0,97.80000305,98.80000305,101.76999664,106.37000275,112.06999969,112.83999634,105.93000031,110.13999939,111.01999664,109.93000031,109.16000366,121.13999939,119.18000031,109.25,100.08999634,102.0,103.68000031,106.98000336,110.38999939,111.0,114.87000275,120.18000031,126.80000305,121.16000366,117.98000336,120.26999664,122.30000305,120.0,118.0,117.0,116.91000366,117.36000061,110.08999634,110.68000031,113.08999634,115.08999634,115.5,115.80000305,117.18000031,117.5,118.5,119.0,120.87000275,125.76999664,129.67999268,136.67999268,139.16000366,149.27000427,157.05000305,167.05000305,177.96000671,189.46000671,194.38999939,192.72999573,189.61000061,182.44999695,176.42999268,175.97999573,173.92999268,169.61000061,164.33999634,161.69999695,161.19999695,155.13000488,150.63000488,143.53999329,135.94999695,132.91000366,136.77000427,151.67999268,152.47999573,153.91000366,149.53999329,147.27000427,150.61000061,147.22999573,148.97999573,151.5,150.0,149.82000732,149.17999268,152.0,149.72999573,142.72999573,136.92999268,132.02000427,126.30000305,129.77000427,131.61000061,123.55999756,117.25,110.11000061,108.0,108.0,108.0,109.68000031
41,84.11000061,82.0,81.0,80.91000366,80.0,80.58999634,83.0,83.0,83.0,84.0,84.38999939,85.18000031,86.58999634,88.08999634,90.0,89.80000305,90.0,91.58999634,93.08999634,94.80000305,95.5,96.08999634,97.30000305,100.18000031,100.06999969,106.25,106.81999969,99.69999695,101.80000305,103.58999634,104.68000031,108.19999695,110.58999634,106.54000092,99.38999939,102.18000031,104.38999939,106.30000305,108.38999939,112.56999969,108.41000366,109.76999664,118.31999969,134.83999634,120.40000153,111.93000031,114.25,121.18000031,120.61000061,118.81999969,118.19999695,118.30000305,117.54000092,110.81999969,109.0,109.88999939,111.80000305,112.80000305,113.80000305,114.08999634,115.38999939,117.0,118.18000031,120.18000031,125.06999969,130.86999512,139.27000427,142.30000305,146.07000732,154.71000671,167.33999634,177.55000305,184.46000671,187.86999512,184.69999695,189.0,183.66000366,176.42999268,172.02000427,169.11000061,165.33999634,160.0,159.69999695,162.36999512,163.0,160.92999268,151.55999756,140.03999329,132.0,139.3500061,150.63999939,150.30000305,149.77000427,155.41000366,154.17999268,156.5,153.63000488,150.88999939,152.38999939,153.30000305,151.19999695,151.17999268,151.61000061,145.75,138.63000488,131.42999268,127.73000336,122.01999664,122.26999664,124.73000336,119.62999725,112.44999695,108.19999695,107.0,107.0,107.18000031,109.98000336
42,83.41000366,80.61000061,80.0,80.0,79.91000366,80.76999664,83.0,83.0,83.0,83.0,83.80000305,84.30000305,85.58999634,86.80000305,88.08999634,89.0,89.0,90.0,92.0,93.0,93.5,93.30000305,92.26999664,95.26999664,97.5,99.18000031,99.73000336,96.11000061,97.73000336,99.26999664,98.58999634,97.58999634,98.76999664,98.61000061,99.56999969,106.95999908,108.5,109.98000336,111.80000305,109.43000031,105.19999695,109.52999878,122.61000061,114.75,108.81999969,108.61000061,107.88999939,118.44000244,124.19999695,125.81999969,120.51999664,119.81999969,115.54000092,110.01999664,108.69999695,108.0,108.18000031,110.30000305,111.0,112.08999634,113.38999939,116.06999969,120.30000305,120.80000305,125.25,130.80000305,135.44000244,141.5,141.58999634,148.66000366,161.16000366,166.67999268,169.27000427,170.86999512,170.5,175.57000732,178.0,173.52000427,170.0,167.32000732,163.82000732,160.72999573,152.44999695,153.66000366,157.86999512,161.91000366,160.0,151.66000366,136.55999756,130.80000305,133.30000305,135.77000427,146.69000244,166.32000732,160.82000732,160.67999268,160.52000427,157.22999573,153.19999695,153.0,150.52000427,145.41000366,146.91000366,141.63000488,134.75,128.72999573,124.41000366,120.81999969,120.0,120.81999969,116.93000031,111.23000336,107.81999969,106.0,106.18000031,108.87000275,118.31999969
43,81.23000336,79.80000305,79.91000366,79.0,79.0,80.0,82.80000305,83.91000366,80.41000366,82.08999634,82.69999695,83.08999634,84.08999634,85.58999634,86.80000305,88.0,89.0,90.0,91.0,92.0,92.5,91.19999695,89.58999634,90.88999939,92.88999939,94.5,94.11000061,92.31999969,92.30000305,93.18000031,95.06999969,101.18000031,98.58999634,100.05000305,109.48000336,113.69999695,114.76999664,120.08999634,122.01999664,117.01999664,103.54000092,107.38999939,108.51999664,105.5,104.87000275,105.80000305,107.08999634,113.33999634,122.83999634,132.5,125.33999634,121.83999634,115.12999725,109.19999695,109.01999664,108.0,109.18000031,107.93000031,106.48000336,110.0,110.0,113.76999664,117.08999634,119.18000031,121.75,128.58999634,129.77000427,133.08999634,137.17999268,140.38999939,147.86999512,154.38999939,157.47999573,158.17999268,170.08999634,175.66000366,176.82000732,172.72999573,169.61000061,162.53999329,161.08999634,160.91000366,154.55999756,148.11000061,146.0,150.07000732,147.94999695,142.08999634,143.05999756,132.69999695,126.38999939,128.38999939,139.88999939,162.16000366,165.49000549,155.55000305,159.80000305,154.05999756,145.58999634,138.53999329,137.07000732,139.83999634,134.46000671,137.72999573,130.72999573,126.31999969,123.01999664,120.41000366,118.0,116.51999664,112.01999664,109.69999695,107.01999664,106.0,106.18000031,115.70999908,126.0
44,82.23000336,79.0,79.0,79.0,79.0,79.18000031,82.58999634,83.5,79.41000366,79.80000305,80.5,81.58999634,82.80000305,84.0,85.38999939,86.80000305,88.08999634,89.58999634,90.38999939,90.91000366,91.0,90.81999969,89.38999939,90.58999634,91.58999634,91.69999695,90.61000061,89.5,93.68000031,96.38999939,98.87000275,109.37000275,113.69999695,110.69999695,114.26999664,120.36000061,113.5,118.48000336,127.45999908,124.87999725,99.94999695,98.69999695,98.68000031,99.76999664,102.88999939,105.08999634,106.58999634,109.18000031,120.16000366,128.47999573,126.81999969,127.26999664,118.11000061,114.81999969,112.51999664,111.01999664,110.48000336,111.73000336,109.73000336,105.87000275,113.56999969,119.0,118.69999695,120.98000336,125.37000275,127.01999664,127.56999969,134.75,140.0,139.58999634,143.77000427,148.67999268,158.05000305,163.13000488,175.50999451,183.88999939,180.72999573,175.22999573,170.63000488,161.53999329,157.91000366,158.19999695,153.63000488,148.66000366,140.0,138.22999573,136.0,134.19999695,133.30000305,130.82000732,129.22999573,126.08999634,129.96000671,140.08999634,145.52000427,138.97999573,136.82000732,135.13000488,128.61000061,125.41000366,126.55000305,131.53999329,120.68000031,128.67999268,128.22999573,122.11000061,121.0,119.61000061,116.11000061,112.23000336,109.19999695,107.81999969,105.81999969,105.0,107.26999664,128.13999939,131.91000366
45,83.54000092,79.5,79.0,79.0,79.0,80.0,80.38999939,80.0,79.61000061,79.0,79.08999634,80.0,81.0,82.30000305,83.80000305,85.18000031,87.0,87.80000305,89.08999634,89.91000366,90.0,88.51999664,88.98000336,90.0,89.5,90.0,89.58999634,93.75,99.88999939,101.0,102.56999969,108.80000305,113.55000305,111.23000336,108.58999634,108.88999939,109.58999634,113.23000336,121.37000275,114.93000031,101.30000305,98.23000336,98.18000031,101.18000031,106.94000244,105.19999695,105.58999634,109.80000305,109.76999664,118.76999664,122.68000031,122.91000366,121.69999695,119.68000031,118.11000061,117.0,116.5,116.88999939,120.87000275,116.05999756,114.23999786,132.30000305,135.57000732,136.17999268,129.36999512,141.33999634,147.80000305,144.5,145.30000305,147.67999268,151.36999512,158.47999573,170.57000732,178.38999939,178.30000305,178.91000366,178.16000366,172.11000061,170.69999695,167.63000488,162.11000061,155.77000427,148.58999634,144.69999695,149.41000366,145.63000488,140.0,138.13000488,132.03999329,128.41000366,126.0,124.19999695,123.98000336,128.38999939,132.11000061,131.17999268,131.22999573,124.01999664,121.51999664,118.0,117.16000366,116.91000366,113.18000031,121.56999969,124.23000336,119.91000366,119.69999695,117.81999969,114.41000366,111.19999695,109.41000366,106.61000061,104.69999695,104.88999939,109.23000336,130.19999695,131.82000732
46,93.62999725,78.19999695,78.0,78.0,78.80000305,79.58999634,80.0,79.0,79.0,79.0,79.30000305,80.0,80.0,80.38999939,82.08999634,83.38999939,84.80000305,86.0,87.08999634,88.0,88.11000061,87.0,87.88999939,90.11000061,88.01999664,88.16000366,90.88999939,94.95999908,99.91000366,100.58999634,99.08999634,105.16000366,111.98000336,105.44999695,101.26999664,105.26999664,109.88999939,113.56999969,116.08999634,111.08999634,97.61000061,96.0,98.58999634,101.68000031,103.26999664,103.61000061,103.11000061,105.56999969,109.58999634,113.76999664,117.5,117.88999939,120.08999634,121.80000305,119.91000366,118.91000366,117.91000366,116.91000366,118.56999969,110.66000366,112.84999847,129.16000366,144.32000732,147.47000122,136.22999573,138.69999695,139.17999268,146.36999512,154.32000732,162.44999695,149.36999512,162.13999939,172.13999939,181.57000732,180.69999695,176.82000732,171.92999268,168.82000732,165.61000061,162.82000732,159.69999695,157.82000732,152.22999573,156.55000305,156.13000488,149.61000061,145.02000427,140.11000061,137.19999695,135.57000732,139.92999268,129.63000488,124.12999725,119.41000366,118.98000336,121.19999695,119.81999969,116.01999664,113.18000031,114.0,111.41000366,109.98000336,110.11000061,109.45999908,122.58999634,122.69999695,121.5,118.73000336,112.62999725,109.0,107.61000061,105.19999695,104.0,104.58999634,113.33000183,130.0,129.19999695
47,92.76999664,81.33999634,78.0,78.0,78.18000031,79.38999939,80.0,79.0,78.41000366,79.0,79.38999939,80.0,79.0,79.30000305,80.08999634,81.80000305,83.30000305,84.80000305,86.0,87.0,87.0,87.5,89.18000031,93.68000031,88.83999634,89.38999939,90.58999634,91.88999939,93.0,94.80000305,94.91000366,96.76999664,99.0,98.19999695,98.98000336,101.88999939,106.87000275,110.41000366,105.76999664,100.93000031,93.81999969,94.58999634,97.38999939,101.66000366,109.73000336,101.19999695,100.0,100.76999664,106.76999664,110.68000031,112.73000336,110.37000275,118.98000336,120.88999939,121.81999969,119.0,117.61000061,116.5,117.08000183,106.38999939,128.17999268,137.71000671,148.33999634,151.13000488,148.19999695,142.72999573,150.47999573,165.88999939,170.47999573,171.92999268,163.8999939,162.80000305,173.63999939,179.69999695,178.11000061,175.41000366,172.82000732,170.61000061,159.25,160.88999939,161.69999695,161.0,161.30000305,160.0,157.02000427,152.72999573,151.5,151.22999573,150.91000366,152.5,149.53999329,138.11000061,130.63000488,128.66000366,120.51999664,119.0,119.5,119.0,123.69999695,126.08999634,125.5,130.08999634,124.55999756,110.04000092,112.81999969,118.48000336,121.0,118.62999725,111.93000031,108.19999695,105.81999969,103.91000366,103.5,105.76999664,115.01000214,123.37000275,126.88999939
48,91.04000092,80.23000336,78.0,78.0,78.0,78.0,79.19999695,78.0,78.0,78.80000305,79.0,79.41000366,79.0,79.0,80.0,81.0,82.08999634,83.58999634,85.0,86.0,86.0,87.0,88.38999939,90.0,87.19999695,90.38999939,91.0,90.41000366,89.19999695,89.5,90.0,92.87000275,96.08999634,95.69999695,96.08999634,98.68000031,99.68000031,103.98000336,102.23000336,93.66000366,91.98000336,94.98000336,97.88999939,98.0,99.58999634,98.18000031,99.91000366,100.38999939,104.25,110.18000031,110.01999664,107.06999969,110.94000244,120.58999634,122.0,118.81999969,116.69999695,111.31999969,108.86000061,107.33999634,123.51000214,143.27000427,148.36999512,153.38999939,157.67999268,154.86000061,149.55000305,162.83999634,171.27000427,173.22999573,164.28999329,159.58999634,172.16000366,176.58999634,175.11000061,172.32000732,171.19999695,170.11000061,163.75,154.38000488,149.32000732,153.82000732,160.80000305,159.91000366,157.61000061,155.32000732,152.5,152.91000366,151.02000427,152.08999634,152.91000366,152.69999695,150.80000305,146.22999573,141.92999268,140.82000732,134.32000732,133.58999634,133.82000732,130.32000732,129.0,127.73000336,121.93000031,115.55999756,108.0,117.73000336,121.91000366,117.75,109.41000366,107.0,104.91000366,103.19999695,103.0,106.18000031,110.87000275,117.98000336,118.56999969
49,86.54000092,80.01999664,78.0,77.0,77.0,77.30000305,77.5,78.0,78.0,78.0,78.30000305,79.0,79.0,79.0,80.0,80.18000031,81.80000305,82.58999634,84.0,85.0,86.0,86.58999634,87.0,87.41000366,86.5,89.48000336,91.0,90.0,88.0,88.30000305,92.55000305,100.41000366,97.61000061,94.91000366,92.41000366,93.06999969,96.08999634,99.26999664,97.55999756,89.08999634,94.06999969,98.5,101.37000275,108.87000275,115.37000275,120.5,117.66999817,100.81999969,100.08999634,107.25,108.01999664,106.68000031,111.45999908,119.26999664,122.58999634,120.04000092,114.51999664,109.73000336,110.73000336,106.63999939,118.05000305,127.87000275,138.91000366,145.75,154.41000366,163.75,168.97999573,157.86999512,171.77000427,173.33999634,170.80000305,167.83999634,169.88999939,173.11000061,171.19999695,169.19999695,168.91000366,165.22999573,160.91000366,159.92999268,152.75,143.82000732,154.17999268,153.5,154.19999695,152.41000366,147.92999268,143.91000366,141.36999512,151.27000427,153.30000305,152.41000366,149.72999573,143.72999573,139.19999695,137.82000732,135.61000061,133.69999695,132.69999695,131.41000366,129.42999268,121.75,118.75,110.19999695,109.44999695,114.33999634,117.41000366,112.73000336,109.81999969,106.81999969,104.19999695,103.0,103.76999664,107.76999664,108.80000305,113.63999939,119.38999939
50,81.51999664,79.0,78.0,77.0,77.0,77.0,77.0,77.0,77.0,78.0,78.0,78.08999634,79.0,79.0,79.30000305,80.0,81.0,82.0,83.0,84.08999634,85.18000031,86.08999634,87.0,87.0,86.69999695,87.30000305,89.08999634,89.81999969,88.0,88.76999664,96.55000305,100.61000061,96.11000061,93.31999969,90.19999695,90.08999634,92.30000305,91.91000366,89.19999695,91.56999969,98.98000336,100.0,105.25,113.06999969,119.76999664,120.51999664,113.36000061,106.81999969,103.51999664,101.95999908,106.08999634,108.48000336,114.16000366,120.0,119.91000366,117.61000061,111.83999634,106.31999969,102.31999969,106.06999969,115.23000336,126.45999908,143.71000671,164.77000427,167.77000427,170.30000305,172.5,172.32000732,171.07000732,174.88999939,175.97999573,174.72999573,173.67999268,170.61000061,166.94999695,162.67999268,164.0,161.32000732,158.61000061,152.44999695,147.63000488,139.27000427,143.63000488,143.25,150.08999634,151.88999939,151.91000366,149.44999695,137.41000366,150.66000366,150.72999573,147.61000061,143.22999573,139.32000732,137.11000061,135.61000061,133.32000732,129.11000061,127.06999969,130.58999634,130.61000061,129.22999573,124.23000336,117.66000366,105.23000336,111.80000305,111.91000366,109.69999695,107.81999969,105.41000366,103.19999695,102.0,104.76999664,109.91000366,116.0,120.5,120.69999695
51,79.91000366,79.91000366,78.19999695,77.0,77.0,77.0,76.19999695,76.58999634,77.0,77.0,77.0,78.0,78.0,79.0,79.0,79.58999634,80.80000305,81.58999634,82.18000031,83.58999634,85.0,86.0,87.08999634,88.08999634,89.5,88.69999695,87.0,87.0,87.58999634,89.0,90.48000336,93.91000366,92.81999969,91.01999664,90.0,89.0,90.0,89.11000061,89.38999939,89.58999634,95.76999664,102.45999908,110.26999664,116.37000275,120.98000336,119.25,109.69999695,113.56999969,113.73000336,108.19999695,106.31999969,108.26999664,112.66000366,117.18000031,118.19999695,118.37000275,119.38999939,120.47000122,104.16000366,110.27999878,121.33999634,127.08999634,152.25999451,165.32000732,172.32000732,171.38999939,173.5,173.30000305,173.67999268,178.67999268,176.58999634,176.05000305,175.63000488,168.63000488,164.22999573,157.63000488,157.5,156.88999939,154.22999573,152.82000732,150.91000366,145.27000427,136.72999573,132.32000732,135.27000427,142.6000061,150.61000061,142.97000122,133.72999573,143.67999268,143.72999573,139.11000061,135.72999573,135.88999939,137.17999268,137.19999695,134.91000366,132.22999573,129.82000732,123.30000305,122.08999634,120.61000061,119.5,119.62999725,107.36000061,110.69999695,109.19999695,108.0,106.41000366,104.19999695,102.41000366,102.18000031,105.76999664,120.80000305,128.92999268,125.51999664,120.73000336
52,93.97000122,83.75,78.81999969,77.61000061,77.0,76.41000366,76.0,76.0,76.08999634,77.0,77.0,78.0,78.0,78.0,79.0,79.0,80.0,80.58999634,82.0,83.58999634,85.0,86.58999634,88.38999939,90.0,91.18000031,92.5,89.51999664,87.0,87.0,87.38999939,88.80000305,90.19999695,90.0,90.0,88.91000366,87.5,87.0,87.0,89.18000031,95.56999969,97.58999634,99.76999664,105.45999908,113.05000305,120.87000275,120.41000366,117.19999695,120.30000305,122.68000031,117.44999695,108.73000336,107.58999634,109.88999939,114.26999664,118.0,118.48000336,120.0,119.88999939,121.69000244,100.52999878,131.3500061,154.27000427,143.86000061,146.08999634,163.25999451,171.13000488,170.63000488,167.16000366,169.41000366,168.82000732,167.47999573,174.63999939,179.53999329,167.86000061,163.82000732,160.11000061,157.66000366,149.5,148.02000427,141.58999634,148.77000427,151.11000061,147.22999573,142.53999329,128.61000061,140.41000366,148.52000427,142.94999695,129.30000305,135.97999573,135.22999573,130.61000061,127.76999664,132.77000427,137.27000427,140.19999695,136.83999634,130.91000366,125.83999634,121.19999695,118.61000061,117.5,116.69999695,114.01999664,108.73000336,109.80000305,108.41000366,106.61000061,104.91000366,102.91000366,101.19999695,101.76999664,106.76999664,122.55000305,129.30000305,126.83999634,120.51999664
53,100.01999664,87.19999695,78.81999969,78.0,77.0,76.0,76.0,76.0,76.0,76.0,76.80000305,77.0,77.80000305,78.0,78.80000305,79.0,79.80000305,80.0,81.38999939,83.08999634,84.58999634,86.0,87.80000305,90.08999634,92.68000031,95.76999664,92.23000336,87.41000366,86.41000366,86.0,86.30000305,87.58999634,89.5,88.11000061,86.91000366,85.91000366,85.41000366,86.68000031,94.91000366,102.12999725,100.0,99.38999939,102.75,112.55000305,120.76999664,122.30000305,122.80000305,124.38999939,127.56999969,127.08999634,115.93000031,111.91000366,112.05000305,119.18000031,120.19999695,118.69999695,117.69999695,113.62999725,110.12999725,99.45999908,118.08999634,127.30000305,154.05000305,166.11000061,148.25,146.16000366,150.88000488,151.50999451,158.82000732,162.08999634,156.75,163.58999634,166.32000732,166.03999329,163.69999695,162.91000366,161.52000427,161.17999268,161.52000427,153.27000427,138.11000061,145.86999512,146.69999695,143.13000488,130.36000061,128.72999573,140.69999695,138.16000366,127.11000061,130.02000427,125.43000031,126.55000305,134.36999512,138.5,141.02000427,138.42999268,132.72999573,125.76999664,119.5,117.91000366,116.19999695,114.91000366,113.69999695,112.11000061,108.37999725,107.91000366,106.41000366,104.91000366,103.19999695,101.69999695,100.80000305,103.56999969,108.08999634,112.94000244,123.87000275,124.75,120.0
54,97.75,87.26999664,79.41000366,77.91000366,76.61000061,76.0,76.0,76.0,76.0,76.0,76.08999634,77.0,77.0,78.0,78.08999634,79.0,79.18000031,80.0,80.98000336,83.0,84.0,85.18000031,86.80000305,88.58999634,90.38999939,95.98000336,91.75,87.0,85.19999695,83.69999695,83.5,84.48000336,86.08999634,85.5,84.41000366,84.0,84.38999939,88.48000336,98.66000366,102.81999969,100.91000366,103.18000031,107.87000275,116.75,121.68000031,124.08999634,125.0,126.38999939,128.97999573,131.33999634,121.91000366,119.11000061,116.16000366,120.18000031,123.30000305,122.0,120.0,116.62999725,111.43000031,99.31999969,118.87000275,133.61000061,131.94000244,151.47000122,134.77000427,129.17999268,131.91000366,139.05000305,147.11000061,153.27000427,150.27000427,146.30000305,155.91000366,163.61000061,163.0,163.0,161.82000732,159.5,158.02000427,152.63000488,144.53999329,132.94999695,135.0,135.22999573,133.53999329,124.73000336,129.77000427,129.82000732,124.33999634,119.88999939,128.27000427,137.66000366,141.69999695,141.52000427,132.36000061,129.08999634,125.94999695,118.11000061,116.41000366,114.41000366,113.0,112.41000366,111.61000061,109.31999969,104.01999664,104.91000366,104.0,103.0,101.91000366,100.91000366,100.0,109.95999908,118.81999969,118.38999939,122.26999664,123.41000366,121.5
55,100.18000031,87.97000122,78.81999969,77.41000366,76.0,75.0,75.08999634,75.41000366,75.0,75.5,76.0,76.08999634,77.0,77.58999634,78.0,79.0,79.18000031,80.0,81.58999634,83.0,83.80000305,84.38999939,85.80000305,87.38999939,89.0,92.06999969,90.41000366,86.51999664,83.11000061,81.69999695,81.0,81.58999634,83.5,83.41000366,82.69999695,82.30000305,86.87000275,93.23000336,101.95999908,101.23000336,99.0,100.08999634,104.45999908,114.81999969,121.38999939,123.58999634,124.01999664,120.80000305,121.26999664,125.81999969,132.19999695,127.05999756,119.88999939,126.16000366,129.32000732,131.11000061,122.54000092,115.12999725,110.38999939,106.73999786,97.38999939,106.91000366,123.34999847,152.05999756,129.99000549,120.83999634,133.61999512,153.00999451,157.99000549,142.19999695,137.83999634,139.25,149.63999939,160.08999634,160.69999695,158.52000427,155.82000732,152.91000366,150.52000427,147.91000366,145.11000061,143.91000366,138.67999268,125.76999664,132.91000366,125.48999786,120.48000336,121.43000031,118.81999969,125.55000305,130.47999573,137.86999512,139.5,139.80000305,137.75,126.66000366,119.01999664,116.11000061,113.31999969,110.91000366,110.80000305,110.91000366,109.19999695,107.31999969,103.11000061,101.69999695,101.69999695,101.5,101.0,100.0,99.69999695,119.02999878,123.5,122.81999969,121.80000305,122.5,122.19999695
56,101.12999725,90.44999695,80.43000031,78.0,77.0,75.61000061,75.0,75.0,75.0,75.0,75.58999634,76.0,77.0,77.38999939,78.0,79.0,79.18000031,80.0,81.18000031,82.58999634,83.0,84.0,84.38999939,85.80000305,87.08999634,88.98000336,89.81999969,83.81999969,80.11000061,79.0,79.0,80.80000305,82.0,81.91000366,80.69999695,80.88999939,86.75,92.87000275,99.98000336,96.41000366,96.80000305,99.5,100.18000031,106.08999634,111.25,121.18000031,122.83999634,117.38999939,119.76999664,127.13999939,130.19999695,128.52000427,126.45999908,131.77000427,136.58999634,135.63000488,124.98999786,118.98000336,120.38999939,117.19999695,119.91000366,97.01999664,103.81999969,117.91000366,122.69999695,126.95999908,147.1000061,151.80000305,133.08999634,139.52999878,146.86000061,132.30000305,139.75,153.33999634,159.82000732,151.42999268,145.44999695,143.80000305,143.41000366,140.32000732,142.08999634,139.52000427,134.75,121.41000366,128.82000732,121.12999725,116.91000366,114.95999908,120.83999634,127.63999939,131.38999939,134.17999268,136.80000305,137.88999939,140.08999634,140.72999573,120.44999695,114.23000336,110.81999969,109.0,109.08999634,110.0,108.41000366,105.81999969,103.41000366,101.41000366,101.0,100.69999695,100.0,100.0,101.30999756,129.47999573,127.23000336,120.01999664,119.58999634,121.0,120.19999695
57,95.23000336,89.11000061,90.41000366,79.61000061,79.0,77.61000061,75.41000366,75.0,75.0,75.0,75.0,75.18000031,76.0,77.0,78.0,79.0,79.5,80.0,80.0,82.0,83.0,83.0,83.5,84.0,84.5,84.5,83.81999969,81.11000061,79.18000031,80.5,80.80000305,82.38999939,82.19999695,80.41000366,79.19999695,80.58999634,83.66000366,90.0,89.81999969,89.76999664,96.25,100.91000366,101.5,101.5,102.95999908,109.75,121.19999695,110.25,119.58999634,121.05000305,127.76999664,130.80000305,133.61000061,134.13999939,141.17999268,140.36000061,128.61000061,131.47999573,135.47999573,128.36999512,129.53999329,109.31999969,97.04000092,107.30999756,140.78999329,114.33999634,121.18000031,123.0,124.45999908,132.32000732,153.58999634,138.03999329,132.75,143.32000732,151.30000305,147.83999634,140.42999268,138.17999268,138.61000061,135.41000366,133.19999695,129.72999573,125.43000031,119.91000366,118.61000061,115.51999664,111.80000305,118.83999634,130.36999512,131.41000366,130.30000305,132.58999634,133.08999634,132.41000366,132.16000366,136.11000061,121.04000092,114.01999664,110.19999695,108.41000366,108.0,107.41000366,106.19999695,104.41000366,102.41000366,100.91000366,100.0,99.61000061,99.0,98.5,115.80999756,133.30000305,130.32000732,124.54000092,120.04000092,118.41000366,115.91000366
58,111.73000336,103.86000061,94.75,87.31999969,83.12999725,86.12999725,77.31999969,75.0,74.19999695,74.0,74.30000305,75.0,75.80000305,76.38999939,77.38999939,78.38999939,79.58999634,80.0,80.0,81.38999939,82.0,82.0,82.0,82.5,82.5,82.0,80.91000366,78.69999695,80.80000305,82.0,82.38999939,85.08999634,83.51999664,80.61000061,79.0,79.0,80.06999969,85.26999664,88.68000031,89.69999695,90.16000366,95.0,98.12999725,96.5,97.5,100.18000031,105.76999664,109.08999634,111.05000305,121.58999634,126.16000366,134.83999634,144.05000305,144.36999512,146.69999695,147.11000061,146.41000366,151.36999512,162.27000427,158.72000122,127.75,118.19999695,100.26999664,100.56999969,116.0,109.62999725,109.94000244,120.75,130.08999634,133.46000671,147.21000671,146.99000549,129.22999573,131.71000671,142.88999939,139.63000488,131.13000488,133.47999573,132.94999695,129.5,129.91000366,125.23000336,120.31999969,118.68000031,116.76999664,110.0,110.45999908,121.75,130.17999268,132.0,131.0,132.0,131.91000366,129.82000732,125.48000336,130.77000427,124.16000366,117.04000092,109.69999695,108.91000366,107.5,106.61000061,105.19999695,103.81999969,101.91000366,100.19999695,99.91000366,98.91000366,98.0,98.0,120.84999847,134.30000305,131.72999573,123.94999695,119.19999695,118.98000336,120.41000366
59,113.01999664,109.5,105.40000153,92.73000336,89.62999725,84.73000336,80.31999969,76.31999969,74.0,74.0,74.0,74.0,75.0,75.58999634,76.38999939,77.30000305,78.30000305,79.30000305,80.0,81.0,81.5,81.91000366,81.41000366,80.5,80.41000366,80.0,79.73000336,79.18000031,81.0,82.0,83.38999939,86.08999634,84.41000366,80.81999969,78.81999969,78.0,79.08999634,82.38999939,85.30000305,86.5,87.56999969,95.44000244,101.91000366,95.0,95.80000305,97.58999634,100.45999908,108.87000275,113.26999664,119.18000031,123.05000305,134.50999451,150.58999634,153.67999268,156.17999268,161.88999939,162.52000427,163.27000427,166.17999268,163.42999268,142.88000488,129.55999756,105.30000305,94.30000305,101.30000305,104.88999939,108.76999664,118.38999939,119.08999634,124.87000275,137.80000305,145.02000427,138.28999329,127.76999664,134.58999634,130.72999573,124.37000275,132.38999939,133.11000061,127.47000122,119.76999664,121.31999969,116.44999695,109.5,107.41000366,107.95999908,116.95999908,119.56999969,130.38999939,130.91000366,128.41000366,128.82000732,128.58999634,127.54000092,119.5,126.75,131.69999695,128.77000427,117.51999664,113.31999969,110.23000336,107.41000366,105.41000366,103.11000061,101.19999695,100.0,99.0,97.91000366,97.41000366,99.51000214,123.87000275,129.08999634,129.52000427,125.11000061,121.19999695,120.80000305,120.0
60,108.91000366,109.01999664,99.93000031,92.81999969,88.23000336,84.01999664,80.91000366,78.51999664,75.61000061,74.0,74.0,73.41000366,73.58999634,74.58999634,75.30000305,76.08999634,77.18000031,78.58999634,80.0,80.0,80.0,80.0,79.91000366,79.0,79.0,78.5,77.19999695,78.68000031,80.08999634,81.0,81.80000305,83.30000305,83.0,81.81999969,79.41000366,77.41000366,77.98000336,80.58999634,82.08999634,81.81999969,82.83999634,91.05000305,100.58999634,92.12999725,96.87000275,100.58999634,104.37000275,110.58999634,113.68000031,117.81999969,118.76999664,128.25,137.38999939,152.05000305,160.38999939,165.08999634,167.17999268,171.13000488,154.11000061,144.53999329,142.28999329,114.40000153,99.83999634,93.61000061,99.76999664,102.58999634,105.38999939,108.08999634,111.66000366,118.55000305,136.05000305,136.22999573,128.55999756,123.55000305,129.42999268,123.93000031,120.45999908,129.27000427,133.80000305,131.53999329,118.44999695,110.81999969,106.61000061,103.91000366,106.73000336,127.13999939,132.30000305,131.52000427,131.19999695,127.73000336,120.61000061,120.81999969,122.31999969,129.02000427,118.86000061,122.73000336,131.38999939,131.02000427,123.62999725,119.5,117.83999634,108.73000336,105.41000366,102.81999969,100.19999695,99.91000366,99.80000305,97.41000366,97.08999634,120.37000275,122.5,123.0,123.5,122.41000366,121.19999695,120.0,118.61000061
61,100.73000336,98.31999969,93.93000031,90.0,87.11000061,82.73000336,79.19999695,78.91000366,76.81999969,74.91000366,73.81999969,73.0,73.0,74.0,74.18000031,75.18000031,76.08999634,77.08999634,78.08999634,79.0,79.0,79.19999695,78.41000366,78.0,77.5,77.0,76.58999634,77.19999695,78.30000305,79.18000031,80.38999939,81.0,82.0,81.91000366,80.41000366,78.01999664,77.08999634,78.88999939,80.0,80.0,79.76999664,89.06999969,92.61000061,89.56999969,100.58999634,101.5,102.18000031,107.37000275,110.0,109.5,117.94000244,130.25,139.38999939,143.86999512,138.33000183,154.58999634,140.55000305,154.11000061,136.38000488,123.69999695,119.25,107.94999695,98.62999725,94.31999969,93.05000305,100.80000305,101.08999634,103.88999939,108.18000031,116.44000244,130.47999573,128.53999329,120.01999664,121.38999939,122.11000061,117.62999725,124.81999969,133.08999634,133.0,128.08999634,113.16000366,105.12999725,100.41000366,103.33999634,120.38999939,125.98000336,128.91000366,129.0,126.66000366,120.38999939,119.69999695,118.01999664,120.45999908,128.72999573,117.05999756,120.76999664,125.88999939,127.80000305,124.41000366,123.0,122.61000061,114.26999664,106.23000336,102.61000061,99.81999969,98.41000366,97.41000366,97.0,100.59999847,114.48000336,114.51999664,114.30000305,117.06999969,119.91000366,119.69999695,118.31999969,117.08999634
62,97.73000336,94.01999664,89.61000061,88.81999969,85.91000366,87.95999908,88.23000336,83.66000366,78.61000061,75.81999969,74.0,73.0,73.0,73.0,74.0,74.80000305,75.08999634,76.0,76.80000305,77.58999634,78.0,77.41000366,77.0,76.41000366,76.0,75.69999695,75.19999695,75.30000305,75.88999939,76.88999939,78.5,80.08999634,81.0,80.41000366,79.91000366,77.19999695,76.0,77.08999634,78.80000305,80.0,79.88999939,88.37000275,91.91000366,87.45999908,91.18000031,98.68000031,103.37000275,111.91000366,112.38999939,126.01000214,135.38999939,138.57000732,145.11000061,124.62999725,118.73000336,116.88999939,122.0,119.09999847,114.11000061,112.41000366,111.61000061,107.04000092,100.80000305,97.43000031,92.0,96.66000366,98.19999695,99.18000031,106.13999939,118.05000305,125.18000031,124.04000092,119.31999969,116.58999634,115.01999664,113.75,124.73000336,128.38999939,127.94999695,116.05999756,108.12999725,100.93000031,98.18000031,108.73000336,119.31999969,117.95999908,121.11000061,124.30000305,120.93000031,114.61000061,119.80000305,117.55999756,118.45999908,121.33999634,111.5,120.80000305,119.68000031,122.19999695,120.08999634,121.08999634,120.73000336,111.62999725,106.23000336,102.81999969,100.31999969,97.61000061,96.0,96.58999634,100.87000275,107.69999695,107.80000305,106.23000336,111.18000031,113.19999695,112.80000305,113.5,113.38999939
63,90.0,91.19999695,89.91000366,88.41000366,86.51999664,86.68000031,89.69999695,87.75,80.81999969,77.31999969,74.01999664,73.0,72.19999695,73.0,73.0,73.80000305,74.0,74.80000305,75.0,76.0,76.0,75.69999695,75.19999695,74.69999695,74.41000366,73.69999695,73.41000366,72.80000305,72.5,73.0,73.80000305,75.38999939,80.0,80.0,78.11000061,76.0,75.5,77.18000031,79.08999634,82.0,80.5,86.33999634,92.58999634,84.58999634,91.06999969,103.33999634,113.95999908,120.66000366,125.25,132.08999634,133.0,141.47999573,145.97999573,122.36000061,106.75,105.19999695,102.61000061,103.38999939,104.0,104.69999695,104.80000305,107.26999664,112.38999939,105.11000061,92.62999725,91.48000336,93.68000031,96.76999664,103.44000244,120.13999939,124.5,123.61000061,120.43000031,111.23000336,108.91000366,111.94000244,119.51999664,115.08999634,116.30000305,109.62999725,102.43000031,98.41000366,100.66000366,106.48000336,110.80000305,109.5,111.73000336,120.48000336,119.83999634,110.04000092,110.88999939,110.01999664,110.87000275,113.55999756,108.76999664,112.76999664,115.30000305,117.69999695,118.08999634,119.30000305,118.75,112.12999725,106.62999725,101.51999664,98.61000061,96.81999969,96.0,97.88999939,99.58999634,100.58999634,103.38999939,108.08999634,110.18000031,111.73000336,108.91000366,108.5,109.18000031
64,89.80000305,90.41000366,89.11000061,87.19999695,85.69999695,85.5,85.91000366,84.01999664,81.41000366,78.73000336,74.31999969,71.69999695,71.5,72.0,72.0,73.0,73.0,74.0,74.0,74.0,74.0,74.0,73.91000366,73.0,73.0,72.91000366,72.0,72.0,72.08999634,73.0,73.5,72.91000366,72.38999939,74.5,75.0,74.41000366,75.18000031,78.30000305,79.88999939,81.38999939,83.18000031,86.26999664,89.61000061,83.33999634,97.13999939,107.13999939,112.87000275,118.26999664,115.51000214,128.33999634,111.91999817,140.53999329,129.91000366,109.19999695,97.01999664,92.23000336,90.68000031,94.76999664,97.08999634,100.41000366,98.38999939,103.63999939,113.80000305,105.90000153,95.73000336,90.19999695,90.5,92.87000275,105.77999878,118.66000366,121.5,118.91000366,118.68000031,111.23000336,107.11000061,106.56999969,108.69999695,107.5,107.01999664,109.98000336,101.75,96.83999634,105.45999908,112.55999756,107.19999695,105.91000366,107.26999664,111.18000031,115.04000092,109.81999969,107.19999695,105.69999695,106.68000031,107.31999969,107.26999664,110.18000031,111.69999695,112.08999634,113.88999939,115.08999634,113.61000061,110.61000061,108.04000092,101.23000336,97.41000366,95.69999695,95.98000336,99.51999664,99.58999634,100.30000305,102.68000031,106.76999664,109.76999664,112.0,110.11000061,105.01999664,105.68000031
65,90.0,87.91000366,86.11000061,84.69999695,83.61000061,82.80000305,83.69999695,82.61000061,81.0,79.23000336,73.23000336,71.0,71.0,71.0,72.0,72.0,72.80000305,73.0,73.08999634,73.5,73.19999695,73.0,72.19999695,72.0,72.0,71.38999939,72.0,73.30000305,74.0,74.0,74.0,73.61000061,73.0,74.0,74.0,74.0,75.38999939,77.58999634,79.0,79.0,81.80000305,82.30000305,80.01999664,82.55000305,91.83999634,100.76999664,107.80000305,117.91000366,101.38999939,122.98000336,100.80999756,105.62999725,92.45999908,89.69999695,88.91000366,86.23000336,86.88999939,89.58999634,91.30000305,93.48000336,96.68000031,102.73000336,114.80000305,110.51999664,103.33999634,99.69999695,91.73000336,89.0,96.81999969,109.76999664,114.19999695,111.73000336,110.41000366,109.12999725,104.31999969,103.0,103.68000031,104.58999634,107.48000336,110.5,103.76999664,97.95999908,102.56999969,106.31999969,103.91000366,102.11000061,101.08999634,103.80000305,105.26999664,105.25,102.30000305,101.5,101.08999634,103.88999939,110.48000336,111.61000061,109.0,109.58999634,111.30000305,112.5,112.51999664,107.16000366,109.54000092,100.23000336,96.81999969,95.0,95.58999634,99.58999634,100.08999634,102.5,103.58999634,106.68000031,109.38999939,111.0,108.91000366,104.23000336,102.18000031
66,85.5,83.91000366,82.0,82.5,82.0,81.5,80.30000305,80.19999695,80.0,76.73000336,72.11000061,71.0,71.0,71.80000305,72.0,72.0,72.0,73.0,73.0,73.0,72.5,72.41000366,72.0,72.0,72.0,72.0,72.38999939,74.0,74.0,74.0,74.0,73.0,73.0,72.80000305,74.0,75.0,75.58999634,76.58999634,77.30000305,78.0,79.0,79.19999695,79.18000031,80.08999634,83.98000336,89.37000275,92.25,95.26999664,89.02999878,91.91000366,83.59999847,78.91000366,79.0,80.76999664,82.5,81.08999634,82.88999939,85.48000336,88.30000305,89.48000336,93.87000275,102.12000275,113.08999634,111.61000061,109.43000031,101.62999725,93.44999695,88.0,91.73000336,101.45999908,107.0,106.11000061,105.5,105.81999969,102.11000061,100.0,101.0,100.68000031,102.68000031,106.61000061,100.36000061,95.75,101.76999664,104.5,101.0,99.91000366,97.69999695,99.68000031,99.41000366,98.41000366,98.5,99.08999634,100.08999634,102.48000336,106.26999664,108.38999939,108.0,108.38999939,109.80000305,110.0,113.0,109.93000031,101.43000031,100.11000061,97.31999969,95.19999695,95.76999664,98.58999634,101.0,102.0,103.30000305,104.58999634,105.88999939,108.31999969,105.91000366,103.61000061,100.31999969
67,82.5,80.91000366,79.80000305,81.0,80.19999695,80.0,79.0,78.61000061,77.31999969,74.23000336,72.0,71.0,72.0,72.0,71.5,71.5,72.0,72.30000305,72.0,71.69999695,71.0,71.0,71.18000031,72.0,72.0,72.08999634,73.38999939,74.58999634,74.91000366,74.0,74.0,73.0,73.0,74.08999634,75.0,75.0,76.0,76.0,76.30000305,77.0,77.0,77.58999634,78.0,78.5,78.5,79.5,80.08999634,76.91000366,75.0,76.0,76.0,76.0,76.0,76.0,76.0,78.37000275,81.0,82.88999939,85.58999634,87.80000305,90.87000275,98.26999664,106.16000366,108.91000366,106.11000061,102.81999969,96.05999756,87.69999695,90.95999908,98.76999664,101.19999695,100.88999939,101.5,102.31999969,101.0,99.91000366,100.81999969,98.30000305,99.98000336,103.41000366,97.05999756,94.95999908,101.08999634,101.01999664,99.0,97.61000061,96.41000366,96.76999664,97.41000366,96.80000305,97.5,99.58999634,101.80000305,102.0,102.5,103.08999634,104.88999939,107.0,109.0,110.0,110.91000366,108.08999634,110.08999634,106.80999756,97.23000336,95.0,96.76999664,98.5,98.68000031,102.0,102.38999939,103.08999634,104.0,104.81999969,104.0,102.5,101.12999725
68,80.30000305,80.0,79.38999939,79.0,78.69999695,78.0,77.19999695,76.91000366,75.0,73.81999969,72.0,71.58999634,71.91000366,70.41000366,70.30000305,70.08999634,71.0,72.0,71.0,71.0,71.58999634,71.5,72.88999939,76.56999969,79.31999969,76.19999695,76.0,76.0,76.11000061,75.19999695,74.0,73.19999695,73.58999634,75.0,75.0,75.0,75.08999634,75.30000305,76.0,75.0,75.5,76.0,76.08999634,76.41000366,75.91000366,75.5,75.19999695,75.0,75.30000305,76.0,76.0,76.38999939,77.0,77.91000366,76.19999695,76.18000031,78.80000305,80.08999634,84.58999634,87.98000336,91.76999664,96.26999664,100.26999664,102.58999634,101.91000366,100.11000061,94.43000031,87.81999969,90.76999664,95.76999664,99.80000305,98.19999695,98.5,98.5,98.11000061,97.41000366,96.5,97.0,98.68000031,100.41000366,93.94999695,93.95999908,100.58999634,98.41000366,96.91000366,95.81999969,92.73000336,93.56999969,95.0,95.58999634,98.18000031,101.18000031,102.0,101.91000366,99.41000366,99.0,99.98000336,103.68000031,106.68000031,109.18000031,111.31999969,107.01999664,110.18000031,106.18000031,97.23000336,94.0,94.68000031,97.30000305,99.38999939,101.38999939,102.0,103.58999634,104.5,104.11000061,102.98000336,106.45999908,109.62999725
69,79.0,79.31999969,78.19999695,77.5,77.0,76.5,76.0,75.19999695,74.0,73.0,72.0,71.0,70.41000366,69.30000305,69.08999634,69.91000366,69.58999634,71.0,71.0,72.08999634,73.08999634,74.38999939,77.26999664,80.0,79.11000061,77.0,77.0,77.88999939,78.41000366,76.61000061,75.0,73.81999969,73.0,74.58999634,75.0,75.0,75.0,75.0,74.91000366,74.0,74.0,75.19999695,75.58999634,75.41000366,75.0,75.0,75.80000305,76.0,76.5,77.0,77.0,77.0,77.0,78.0,77.41000366,76.0,78.18000031,80.98000336,83.76999664,87.76999664,90.68000031,93.48000336,96.48000336,99.19999695,98.5,96.73000336,92.23000336,87.51999664,90.18000031,93.30000305,95.5,95.0,94.58999634,95.41000366,93.80000305,93.5,92.5,91.88999939,93.5,94.51999664,90.0,90.18000031,95.30000305,93.61000061,93.5,92.5,91.23000336,91.58999634,92.5,94.18000031,99.18000031,100.08999634,100.0,99.81999969,99.58999634,101.0,102.58999634,105.76999664,108.58999634,111.55000305,118.91000366,110.94999695,104.56999969,102.04000092,97.41000366,94.41000366,94.18000031,95.80000305,97.80000305,99.30000305,100.0,102.18000031,103.41000366,100.31999969,99.88999939,101.68000031,102.51999664
70,77.69999695,77.0,76.41000366,76.0,75.5,75.0,74.41000366,74.0,73.0,72.61000061,71.81999969,71.0,71.0,69.41000366,69.58999634,70.5,70.58999634,71.38999939,72.38999939,73.38999939,74.80000305,76.38999939,78.68000031,81.41000366,78.81999969,77.19999695,77.08999634,79.58999634,80.0,78.19999695,76.41000366,75.69999695,74.43000031,73.0,74.0,74.5,74.0,74.0,74.0,74.0,74.0,74.80000305,75.0,75.0,75.08999634,76.58999634,78.0,78.0,78.0,78.0,78.5,78.5,78.0,78.0,78.0,76.0,77.18000031,79.68000031,82.48000336,86.26999664,89.80000305,91.38999939,93.58999634,95.30000305,94.91000366,93.19999695,90.61000061,86.41000366,90.18000031,92.0,92.69999695,91.61000061,92.30000305,92.01999664,89.30000305,90.91000366,89.61000061,89.58999634,91.08999634,91.11000061,88.19999695,90.18000031,91.31999969,89.81999969,91.30000305,91.41000366,90.19999695,90.0,90.01999664,90.08999634,94.08999634,97.5,98.18000031,98.91000366,99.08999634,99.38999939,102.18000031,106.76999664,111.87000275,119.48000336,122.11000061,115.18000031,103.62999725,99.58999634,99.23000336,95.23000336,94.0,95.0,96.38999939,98.38999939,102.06999969,109.69999695,108.43000031,100.81999969,98.0,98.69999695,97.31999969
71,76.0,75.19999695,74.91000366,74.19999695,74.0,73.69999695,73.0,73.0,72.19999695,72.0,71.0,70.41000366,70.0,70.0,70.0,70.0,71.0,72.08999634,73.38999939,74.08999634,75.0,76.0,78.37000275,81.08999634,81.41000366,80.41000366,79.30000305,81.69999695,79.19999695,77.19999695,77.0,78.76999664,81.08999634,79.0,75.91000366,75.0,73.19999695,73.0,74.08999634,75.0,75.0,75.0,75.0,75.38999939,76.80000305,78.88999939,80.0,80.0,80.0,79.80000305,80.41000366,80.0,79.19999695,79.0,78.81999969,77.91000366,76.18000031,78.38999939,80.58999634,83.48000336,87.26999664,89.30000305,91.18000031,92.80000305,92.61000061,90.91000366,88.51999664,85.76999664,89.88999939,92.0,91.69999695,89.81999969,93.48000336,89.81999969,88.0,88.41000366,88.0,88.0,88.80000305,88.5,88.68000031,88.81999969,89.08999634,88.76999664,90.30000305,90.0,90.0,88.5,88.19999695,89.0,90.0,91.88999939,95.38999939,98.61000061,98.0,98.08999634,100.87000275,109.37000275,113.68000031,117.26999664,118.51999664,113.12999725,109.23000336,104.31999969,101.61000061,97.83999634,94.0,94.58999634,95.58999634,97.18000031,100.41000366,112.87000275,117.19999695,101.86000061,96.31999969,95.58999634,97.0
72,74.0,73.91000366,73.0,72.5,72.5,72.0,72.0,72.0,71.61000061,71.0,70.19999695,70.0,70.0,69.41000366,69.08999634,69.58999634,71.38999939,73.38999939,75.08999634,75.5,75.91000366,75.80000305,76.98000336,79.18000031,81.08999634,82.93000031,79.91000366,80.0,78.81999969,77.0,77.18000031,78.80000305,80.76999664,88.56999969,87.05999756,77.69999695,91.37000275,77.81999969,77.5,77.5,76.69999695,76.19999695,76.0,76.0,77.58999634,79.58999634,81.0,81.38999939,81.41000366,79.88999939,82.81999969,81.0,80.0,79.0,79.0,78.0,77.0,77.38999939,78.80000305,80.88999939,83.48000336,89.38999939,91.08999634,91.58999634,91.41000366,89.19999695,86.61000061,87.33999634,90.88999939,91.0,89.69999695,89.30000305,88.69999695,85.91000366,85.5,85.5,85.80000305,86.0,86.08999634,86.5,87.30000305,87.5,87.41000366,87.5,88.0,88.0,87.91000366,87.19999695,88.0,88.08999634,89.30000305,90.08999634,95.68000031,99.0,98.0,98.38999939,102.37000275,109.76999664,112.80000305,113.41000366,111.69999695,110.58999634,107.25,100.69999695,99.58999634,96.23000336,93.0,94.0,95.0,96.08999634,98.18000031,102.87000275,110.37000275,109.11000061,95.81999969,99.51999664,100.98000336
73,72.19999695,71.5,71.41000366,71.0,70.19999695,71.0,71.0,70.19999695,70.0,70.0,70.0,70.0,69.0,69.0,69.08999634,70.80000305,73.18000031,75.88999939,78.38999939,77.69999695,76.41000366,76.0,76.58999634,78.5,77.61000061,77.38999939,78.0,78.0,77.41000366,77.0,77.80000305,79.95999908,78.38999939,83.87000275,89.30000305,79.73000336,83.12000275,92.04000092,81.62999725,79.5,79.31999969,77.19999695,76.5,76.5,77.58999634,79.58999634,81.38999939,82.88999939,83.58999634,84.88999939,86.93000031,83.23000336,80.19999695,79.19999695,78.41000366,78.0,77.61000061,77.0,77.80000305,78.80000305,79.0,80.37000275,85.08999634,86.76999664,91.19999695,87.91000366,85.91000366,86.48000336,88.80000305,89.5,87.5,86.41000366,85.19999695,83.19999695,83.5,83.5,83.5,84.0,84.0,84.08999634,84.80000305,85.5,85.0,85.08999634,85.80000305,86.0,86.0,86.0,86.80000305,88.76999664,91.08999634,94.37000275,100.0,102.01999664,99.23000336,99.88999939,102.08999634,105.26999664,108.48000336,108.43000031,103.23000336,100.51999664,97.69999695,97.5,98.41000366,97.31999969,93.0,94.38999939,95.0,94.5,95.30000305,97.38999939,103.33999634,108.68000031,97.44999695,96.76999664,109.45999908
74,70.81999969,70.0,69.58999634,70.0,69.18000031,69.91000366,69.41000366,70.58999634,69.51999664,68.80000305,69.0,69.0,68.41000366,68.0,70.38999939,72.5,75.30000305,80.41000366,87.25,79.73000336,77.31999969,76.19999695,76.0,76.0,76.0,76.0,76.0,76.0,76.18000031,77.0,77.0,78.41000366,80.0,81.08999634,80.41000366,77.48000336,81.06999969,87.41000366,83.61000061,82.11000061,80.0,78.5,77.5,77.0,77.38999939,80.38999939,83.58999634,85.68000031,87.68000031,89.18000031,89.61000061,86.73000336,82.73000336,80.0,78.41000366,77.41000366,77.0,77.0,77.0,77.0,77.18000031,78.0,78.5,79.18000031,82.48000336,83.0,83.81999969,83.08999634,83.5,83.5,83.41000366,83.30000305,83.0,82.41000366,82.0,82.0,82.0,82.0,82.0,82.0,82.38999939,83.0,83.0,83.0,84.0,84.18000031,85.0,86.0,86.0,87.18000031,88.88999939,93.95999908,100.38999939,101.91000366,100.19999695,97.91000366,98.5,98.69999695,97.5,96.0,95.5,94.41000366,94.0,93.41000366,93.30000305,94.38999939,93.0,93.38999939,93.69999695,93.0,93.0,93.0,94.58999634,96.08999634,95.80000305,97.58999634,107.91000366
75,69.80000305,70.0,68.30000305,68.61000061,68.0,68.0,68.0,69.08999634,73.48000336,69.08999634,68.0,67.91000366,67.80000305,69.19999695,71.56999969,76.37000275,91.87000275,92.73000336,89.91000366,84.12999725,80.30000305,81.0,80.41000366,76.19999695,75.5,78.18000031,80.0,82.41000366,79.5,79.91000366,78.41000366,78.48000336,80.98000336,83.61000061,80.61000061,76.81999969,77.68000031,81.48000336,84.80000305,86.08999634,85.11000061,84.08999634,84.23000336,78.81999969,77.08999634,79.68000031,83.18000031,86.18000031,88.0,89.08999634,91.33999634,87.81999969,83.54000092,81.69999695,80.51999664,79.41000366,79.58999634,79.73000336,77.38999939,79.31999969,77.41000366,78.0,79.0,79.0,79.58999634,80.80000305,82.41000366,81.5,82.0,82.0,82.0,82.0,82.0,81.58999634,81.0,82.0,81.0,81.38999939,82.30000305,82.0,82.0,82.18000031,83.0,83.58999634,84.0,84.18000031,86.0,86.69999695,87.08999634,88.38999939,89.0,89.58999634,93.18000031,95.30000305,96.5,96.41000366,96.0,95.81999969,94.0,93.0,92.0,92.0,92.0,92.0,92.0,92.0,92.0,92.68000031,99.80000305,94.61000061,92.5,93.0,93.80000305,95.58999634,98.38999939,99.38999939,112.02999878
76,69.0,68.91000366,67.91000366,67.0,68.0,68.0,68.58999634,70.18000031,68.5,68.5,69.30000305,69.41000366,69.38999939,73.18000031,79.02999878,93.18000031,93.91000366,90.41000366,88.43000031,84.31999969,81.91000366,81.0,79.81999969,77.41000366,76.30000305,76.19999695,77.68000031,90.08999634,90.23000336,83.01999664,77.48000336,80.18000031,84.48000336,86.93000031,81.23000336,79.30000305,80.19999695,79.56999969,85.76999664,89.68000031,89.73000336,88.98000336,92.73000336,83.66000366,77.0,79.18000031,84.88999939,87.30000305,88.38999939,91.25,97.81999969,94.23000336,90.58999634,92.38999939,90.01999664,85.73000336,82.61000061,81.01999664,77.48000336,79.69999695,77.61000061,78.68000031,80.0,81.0,80.31999969,80.5,81.0,81.08999634,82.0,82.0,82.0,82.0,81.69999695,81.0,82.5,82.0,82.0,82.58999634,83.0,83.0,82.91000366,82.18000031,83.0,84.0,83.0,84.38999939,86.80000305,87.0,87.80000305,89.0,89.0,89.0,89.30000305,90.69999695,92.08999634,93.88999939,95.98000336,96.18000031,93.51999664,90.91000366,90.08999634,90.41000366,90.0,91.5,92.0,92.0,92.0,91.0,93.69999695,93.0,92.0,92.0,93.18000031,96.26999664,100.0,101.18000031,105.45999908
77,68.0,67.5,67.0,67.0,68.0,69.30000305,68.19999695,68.69999695,69.58999634,70.58999634,72.0,72.5,73.88999939,77.56999969,91.56999969,95.80000305,93.01999664,89.69999695,87.73000336,84.41000366,81.61000061,80.0,79.41000366,78.19999695,79.38999939,80.69999695,77.23000336,80.33999634,85.31999969,81.61000061,79.88999939,82.18000031,87.76999664,90.11000061,84.73000336,80.88999939,82.0,83.26999664,87.68000031,90.16000366,94.91000366,89.18000031,94.54000092,84.44999695,78.0,84.13999939,90.0,89.41000366,90.45999908,100.26999664,102.5,101.69999695,101.41000366,102.0,98.93000031,89.81999969,85.23000336,81.81999969,80.83999634,79.23000336,78.88999939,78.91000366,78.0,78.58999634,79.58999634,80.0,80.0,80.88999939,82.0,82.0,82.0,80.91000366,80.80000305,85.38999939,86.61000061,83.31999969,84.30000305,84.58999634,85.5,86.88999939,89.41000366,86.31999969,83.69999695,84.91000366,84.08999634,84.30000305,86.08999634,87.0,88.08999634,88.41000366,88.38999939,88.08999634,88.58999634,89.0,90.0,91.5,91.41000366,89.69999695,89.5,88.0,87.61000061,87.08999634,88.98000336,90.01999664,91.18000031,93.0,92.81999969,91.41000366,91.80000305,92.0,91.61000061,92.0,92.19999695,94.08999634,97.26999664,99.5,97.81999969
78,67.0,67.0,67.38999939,80.33999634,81.98000336,79.94999695,70.33999634,68.08999634,70.48000336,74.68000031,76.58999634,78.18000031,79.69999695,78.95999908,89.18000031,95.81999969,90.41000366,88.61000061,86.61000061,83.81999969,81.41000366,78.91000366,78.58999634,79.5,79.58999634,82.01999664,76.61000061,77.95999908,79.31999969,80.06999969,78.41000366,81.05000305,90.0,90.0,86.73000336,83.58999634,84.91000366,85.38999939,89.08999634,93.66000366,97.23000336,95.0,90.12999725,82.62999725,78.0,87.05000305,94.16000366,98.54000092,95.18000031,100.58999634,104.0,105.11000061,104.0,101.51999664,95.93000031,90.31999969,85.62999725,82.11000061,79.38999939,79.23000336,79.18000031,80.0,81.11000061,79.5,79.0,79.0,79.0,79.80000305,80.0,81.0,81.0,82.48000336,88.38999939,98.02999878,114.98000336,94.88999939,90.61000061,87.62999725,87.38999939,88.38999939,90.58999634,90.91000366,90.5,89.69999695,86.41000366,85.31999969,85.98000336,86.80000305,87.38999939,88.0,88.5,88.19999695,89.0,89.0,89.0,88.80000305,87.69999695,87.69999695,87.38999939,87.98000336,89.44999695,90.19999695,88.18000031,91.61000061,90.18000031,93.0,92.81999969,89.69999695,91.58999634,92.0,91.0,94.5,93.91000366,92.0,93.58999634,94.69999695,93.41000366
79,67.0,68.0,72.02999878,79.25,88.95999908,96.95999908,95.79000092,79.76999664,81.41000366,83.56999969,94.16999817,100.05999756,86.75,84.09999847,91.58999634,90.73000336,88.91000366,88.0,87.11000061,85.11000061,82.91000366,81.0,80.61000061,79.41000366,79.0,78.83999634,77.95999908,80.19999695,83.45999908,90.5,84.16000366,79.68000031,86.55000305,89.41000366,86.69999695,85.5,85.91000366,86.38999939,88.58999634,90.30000305,89.69999695,87.41000366,83.73000336,80.19999695,78.18000031,83.87000275,89.48000336,91.5,93.76999664,98.58999634,100.76999664,104.0,101.51999664,96.25,89.31999969,85.73000336,81.11000061,80.5,77.88999939,81.0,80.91000366,80.88999939,86.45999908,91.88999939,93.0,90.54000092,83.44000244,91.93000031,90.91000366,89.81999969,83.69999695,90.33999634,100.26999664,101.55000305,111.26999664,120.44999695,109.93000031,99.98000336,101.04000092,96.73999786,91.68000031,92.91000366,90.41000366,90.0,87.45999908,91.0,90.51999664,85.19999695,85.0,87.30000305,87.80000305,89.0,88.30000305,87.91000366,87.0,87.30000305,87.19999695,87.0,87.18000031,88.0,88.0,88.08999634,88.38999939,90.81999969,90.0,91.80000305,92.01999664,89.41000366,90.08999634,92.19999695,92.80000305,94.08999634,94.91000366,94.61000061,92.0,93.0,93.0
80,69.68000031,76.44000244,82.88999939,83.01999664,86.56999969,92.94000244,97.04000092,88.5,97.05000305,100.88999939,100.41000366,96.44999695,91.88999939,93.69999695,91.54000092,88.41000366,90.0,91.30000305,90.19999695,87.01999664,82.91000366,82.0,79.81999969,83.81999969,86.43000031,80.25,76.08999634,76.68000031,78.58999634,90.45999908,88.75,79.98000336,84.88999939,86.68000031,87.0,87.0,86.58999634,87.0,87.81999969,87.0,86.61000061,84.01999664,81.23000336,79.0,80.58999634,83.68000031,86.98000336,89.88999939,94.45999908,99.19999695,98.37000275,101.5,98.94999695,88.04000092,81.11000061,79.5,78.19999695,78.98000336,83.06999969,84.91000366,83.19999695,82.18000031,87.37000275,93.16000366,92.51999664,87.62999725,88.63999939,101.08999634,97.86000061,89.31999969,89.5,87.31999969,88.56999969,98.08999634,100.19999695,103.31999969,99.23000336,100.88999939,109.16000366,115.69999695,96.81999969,93.41000366,89.31999969,88.0,90.0,91.18000031,93.08999634,93.80000305,90.33999634,86.5,86.38999939,88.30000305,87.19999695,87.0,87.0,87.0,87.30000305,88.0,88.0,88.0,88.08999634,88.58999634,90.08999634,91.01999664,89.0,89.88999939,89.80000305,89.08999634,91.68000031,93.08999634,94.38999939,96.38999939,98.80000305,100.80000305,98.73000336,95.19999695,95.30000305
81,74.06999969,81.55000305,89.58999634,91.5,91.31999969,89.80000305,94.87000275,98.0,103.45999908,105.31999969,101.11000061,98.61000061,95.41000366,95.11000061,91.61000061,89.81999969,92.38999939,94.91000366,91.93000031,86.73000336,82.61000061,80.69999695,80.88999939,85.06999969,89.51999664,79.33999634,78.87000275,81.5,77.41000366,81.13999939,88.44999695,84.88999939,86.30000305,87.58999634,87.88999939,88.5,88.80000305,89.0,90.0,88.01999664,85.91000366,83.81999969,81.11000061,79.30000305,80.88999939,83.38999939,86.18000031,89.76999664,96.45999908,101.11000061,95.73000336,91.30000305,88.47000122,78.69999695,79.41000366,79.58999634,83.75,90.19999695,90.30000305,89.31999969,87.19999695,85.19999695,86.95999908,91.08999634,90.83999634,87.88999939,90.66000366,97.68000031,99.55999756,90.18000031,91.01999664,88.81999969,86.37000275,96.06999969,95.81999969,95.0,96.80000305,97.0,98.08999634,99.62999725,98.5,97.62999725,91.51999664,89.5,90.38999939,93.80000305,94.80000305,95.08999634,88.43000031,91.0,89.62999725,86.41000366,86.0,86.0,87.0,87.0,87.58999634,88.0,88.0,88.08999634,88.91000366,88.58999634,89.08999634,89.58999634,90.31999969,89.18000031,89.5,90.68000031,93.18000031,95.0,96.38999939,98.38999939,100.48000336,102.0,101.11000061,97.43000031,97.16000366
82,81.54000092,84.73000336,97.13999939,101.30000305,101.41000366,97.05000305,100.41000366,100.33999634,111.58999634,110.41000366,99.69999695,98.5,96.81999969,93.51999664,89.69999695,88.48000336,92.38999939,91.81999969,87.73000336,83.61000061,82.0,82.38999939,83.30000305,84.80000305,85.51999664,80.81999969,80.19999695,81.62999725,77.19999695,79.58999634,82.08999634,83.58999634,86.08999634,88.38999939,89.38999939,92.26999664,94.08999634,92.11000061,90.61000061,88.41000366,86.0,84.81999969,81.62999725,81.30000305,83.30000305,85.08999634,87.38999939,90.58999634,95.16000366,100.08999634,93.04000092,84.19999695,79.38999939,80.58999634,81.0,82.98000336,87.45999908,90.0,90.08999634,91.80000305,91.61000061,87.23000336,86.25,89.41000366,90.26999664,91.80000305,97.08999634,97.62999725,99.31999969,96.31999969,92.73000336,88.81999969,88.0,93.75,95.0,95.98000336,100.95999908,111.38999939,110.23000336,109.56999969,109.62999725,102.93000031,95.23000336,94.41000366,95.08999634,97.5,92.93000031,89.91000366,87.41000366,89.26999664,92.91000366,89.83999634,86.58999634,87.0,87.0,88.0,88.0,89.0,89.0,88.19999695,87.81999969,88.0,88.0,88.80000305,89.18000031,92.0,92.58999634,94.30000305,95.5,96.58999634,97.58999634,99.0,101.68000031,102.91000366,100.19999695,97.23000336,95.76999664
83,91.16000366,90.56999969,99.87000275,103.0,102.41000366,102.0,102.80000305,107.55000305,111.80000305,113.23000336,110.91000366,104.93000031,98.41000366,95.51999664,91.23000336,88.0,88.5,86.91000366,84.81999969,83.69999695,84.68000031,86.58999634,87.19999695,86.38999939,88.5,87.41000366,84.93000031,80.81999969,77.0,78.19999695,78.38999939,81.58999634,85.95999908,90.0,92.06999969,98.76999664,102.58999634,101.51999664,94.12999725,88.31999969,87.0,86.41000366,83.91000366,83.0,85.08999634,86.80000305,88.18000031,90.38999939,94.76999664,96.23000336,88.75,79.0,81.0,81.08999634,82.18000031,84.58999634,87.38999939,89.88999939,93.18000031,96.48000336,99.41000366,92.83999634,86.62999725,89.5,89.0,93.75,100.0,100.08999634,99.91000366,99.91000366,95.33999634,89.41000366,89.30000305,96.05000305,108.76999664,117.48000336,122.5,119.51999664,114.81999969,119.73000336,116.54000092,109.05999756,97.38999939,99.91000366,96.66000366,103.33999634,96.75,90.51999664,87.41000366,88.76999664,92.80000305,90.23000336,87.81999969,87.0,87.58999634,88.18000031,89.18000031,90.08999634,93.41000366,90.91000366,88.19999695,88.08999634,88.18000031,89.0,90.06999969,94.58999634,96.68000031,97.5,99.0,98.0,98.80000305,100.76999664,102.58999634,102.31999969,99.0,97.23000336,96.18000031
84,99.58999634,101.25,99.37000275,102.0,98.23000336,95.56999969,99.38999939,101.69999695,107.95999908,111.80000305,108.30000305,111.31999969,101.66000366,97.61000061,92.62999725,88.41000366,87.0,86.0,86.08999634,87.68000031,90.26999664,93.08999634,90.81999969,88.38999939,92.68000031,91.91000366,90.19999695,84.43000031,78.73000336,80.18000031,80.81999969,79.48000336,84.26999664,89.58999634,93.08999634,98.06999969,100.26999664,102.44999695,92.54000092,87.91000366,88.68000031,88.61000061,86.5,86.08999634,87.88999939,87.91000366,87.58999634,89.88999939,94.26999664,98.76999664,92.43000031,79.0,80.58999634,81.58999634,83.08999634,85.38999939,88.18000031,91.75,98.68000031,101.80000305,105.5,99.93000031,91.54000092,87.41000366,87.80000305,91.55000305,99.30000305,101.94000244,109.19999695,106.08999634,101.0,107.76999664,111.0,107.58999634,121.26999664,125.56999969,127.91000366,125.41000366,123.5,123.01999664,117.36000061,105.08999634,99.80000305,99.19999695,98.30000305,96.23000336,91.73000336,89.41000366,88.69999695,87.48000336,90.30000305,90.81999969,89.81999969,87.0,88.19999695,88.5,89.0,92.45999908,99.80000305,98.81999969,91.54000092,89.80000305,89.5,91.26999664,97.56999969,103.69999695,100.69999695,99.41000366,98.0,99.08999634,100.0,101.08999634,102.0,101.81999969,98.91000366,96.69999695,98.5
